hgnc_id	gene	ensembl_gene_id	approved_hgnc_symbol	previous_matrix_gene_symbol	source_symbols	normalization_status	id_mapping_status	id_mapping_source
HGNC:60	ABCC9	ENSG00000069431	ABCC9		ABCC9	approved	approved_symbol	HGNC complete set
HGNC:67	ABCD3	ENSG00000117528	ABCD3		ABCD3	approved	approved_symbol	HGNC complete set
HGNC:76	ABL1	ENSG00000097007	ABL1		ABL1	approved	approved_symbol	HGNC complete set
HGNC:29609	ACP6	ENSG00000162836	ACP6		ACP6	approved	approved_symbol	HGNC complete set
HGNC:130	ACTA2	ENSG00000107796	ACTA2		ACTA2	approved	approved_symbol	HGNC complete set
HGNC:132	ACTB	ENSG00000075624	ACTB		ACTB	approved	approved_symbol	HGNC complete set
HGNC:143	ACTC1	ENSG00000159251	ACTC1		ACTC1	approved	approved_symbol	HGNC complete set
HGNC:171	ACVR1	ENSG00000115170	ACVR1		ACVR1	approved	approved_symbol	HGNC complete set
HGNC:174	ACVR2B	ENSG00000114739	ACVR2B		ACVR2B	approved	approved_symbol	HGNC complete set
HGNC:175	ACVRL1	ENSG00000139567	ACVRL1		ACVRL1	approved	approved_symbol	HGNC complete set
HGNC:18060	ARX	ENSG00000004848	ARX		ARX	approved	approved_symbol	HGNC complete set
HGNC:195	ADAM17	ENSG00000151694	ADAM17		ADAM17	approved	approved_symbol	HGNC complete set
HGNC:19088	ASH1L	ENSG00000116539	ASH1L		ASH1L	approved	approved_symbol	HGNC complete set
HGNC:13201	ADAMTS10	ENSG00000142303	ADAMTS10		ADAMTS10	approved	approved_symbol	HGNC complete set
HGNC:18318	ASXL1	ENSG00000171456	ASXL1		ASXL1	approved	approved_symbol	HGNC complete set
HGNC:17111	ADAMTS19	ENSG00000145808	ADAMTS19		ADAMTS19	approved	approved_symbol	HGNC complete set
HGNC:23805	ASXL2	ENSG00000143970	ASXL2		ASXL2	approved	approved_symbol	HGNC complete set
HGNC:14631	ADAMTSL2	ENSG00000197859	ADAMTSL2		ADAMTSL2	approved	approved_symbol	HGNC complete set
HGNC:782	ATE1	ENSG00000107669	ATE1		ATE1	approved	approved_symbol	HGNC complete set
HGNC:15766	ADNP	ENSG00000101126	ADNP		ADNP	approved	approved_symbol	HGNC complete set
HGNC:794	ATIC	ENSG00000138363	ATIC		ATIC	approved	approved_symbol	HGNC complete set
HGNC:17869	AFF4	ENSG00000072364	AFF4		AFF4	approved	approved_symbol	HGNC complete set
HGNC:800	ATP1A2	ENSG00000018625	ATP1A2		ATP1A2	approved	approved_symbol	HGNC complete set
HGNC:24684	AGGF1	ENSG00000164252	AGGF1		AGGF1	approved	approved_symbol	HGNC complete set
HGNC:819	ATP4A	ENSG00000105675	ATP4A		ATP4A	approved	approved_symbol	HGNC complete set
HGNC:33784	AGMO	ENSG00000187546	AGMO		AGMO	approved	approved_symbol	HGNC complete set
HGNC:820	ATP4B	ENSG00000186009	ATP4B		ATP4B	approved	approved_symbol	HGNC complete set
HGNC:347	AHNAK	ENSG00000124942	AHNAK		AHNAK	approved	approved_symbol	HGNC complete set
HGNC:851	ATP6V1A	ENSG00000114573	ATP6V1A		ATP6V1A	approved	approved_symbol	HGNC complete set
HGNC:20437	AHSA2P	ENSG00000173209	AHSA2P	AHSA2	AHSA2	approved	previous_symbol	HGNC complete set
HGNC:886	ATRX	ENSG00000085224	ATRX		ATRX	approved	approved_symbol	HGNC complete set
HGNC:402	ALDH1A1	ENSG00000165092	ALDH1A1		ALDH1A1	approved	approved_symbol	HGNC complete set
HGNC:17978	B3GALT6	ENSG00000176022	B3GALT6		B3GALT6	approved	approved_symbol	HGNC complete set
HGNC:15472	ALDH1A2	ENSG00000128918	ALDH1A2		ALDH1A2	approved	approved_symbol	HGNC complete set
HGNC:923	B3GAT3	ENSG00000149541	B3GAT3		B3GAT3	approved	approved_symbol	HGNC complete set
HGNC:449	ALX3	ENSG00000156150	ALX3		ALX3	approved	approved_symbol	HGNC complete set
HGNC:20207	B3GLCT	ENSG00000187676	B3GLCT		B3GALTL;B3GLCT	alias collapsed	approved_symbol	HGNC complete set
HGNC:26837	AMER1	ENSG00000184675	AMER1		AMER1	approved	approved_symbol	HGNC complete set
HGNC:966	BBS1	ENSG00000174483	BBS1		BBS1	approved	approved_symbol	HGNC complete set
HGNC:17811	AMOTL1	ENSG00000166025	AMOTL1		AMOTL1	approved	approved_symbol	HGNC complete set
HGNC:26291	BBS10	ENSG00000179941	BBS10		BBS10	approved	approved_symbol	HGNC complete set
HGNC:24077	ANAPC10	ENSG00000164162	ANAPC10		ANAPC10	approved	approved_symbol	HGNC complete set
HGNC:26648	BBS12	ENSG00000181004	BBS12		BBS12	approved	approved_symbol	HGNC complete set
HGNC:484	ANGPT1	ENSG00000154188	ANGPT1		ANGPT1	approved	approved_symbol	HGNC complete set
HGNC:967	BBS2	ENSG00000125124	BBS2		BBS2	approved	approved_symbol	HGNC complete set
HGNC:15819	ANKRD1	ENSG00000148677	ANKRD1		ANKRD1	approved	approved_symbol	HGNC complete set
HGNC:969	BBS4	ENSG00000140463	BBS4		BBS4	approved	approved_symbol	HGNC complete set
HGNC:21316	ANKRD11	ENSG00000167522	ANKRD11		ANKRD11	approved	approved_symbol	HGNC complete set
HGNC:970	BBS5	ENSG00000163093	BBS5		BBS5	approved	approved_symbol	HGNC complete set
HGNC:26724	ANKS6	ENSG00000165138	ANKS6		ANKS6	approved	approved_symbol	HGNC complete set
HGNC:18758	BBS7	ENSG00000138686	BBS7		BBS7	approved	approved_symbol	HGNC complete set
HGNC:605	APOBEC2	ENSG00000124701	APOBEC2		APOBEC2	approved	approved_symbol	HGNC complete set
HGNC:30000	BBS9	ENSG00000122507	BBS9		BBS9	approved	approved_symbol	HGNC complete set
HGNC:29216	ARHGAP31	ENSG00000031081	ARHGAP31		ARHGAP31	approved	approved_symbol	HGNC complete set
HGNC:13221	BCL11A	ENSG00000119866	BCL11A		BCL11A	approved	approved_symbol	HGNC complete set
HGNC:11110	ARID1A	ENSG00000117713	ARID1A		ARID1A	approved	approved_symbol	HGNC complete set
HGNC:1001	BCL6	ENSG00000113916	BCL6		BCL6	approved	approved_symbol	HGNC complete set
HGNC:18040	ARID1B	ENSG00000049618	ARID1B		ARID1B	approved	approved_symbol	HGNC complete set
HGNC:1008	BCL9	ENSG00000116128	BCL9		BCL9	approved	approved_symbol	HGNC complete set
HGNC:25419	ARL13B	ENSG00000169379	ARL13B		ARL13B	approved	approved_symbol	HGNC complete set
HGNC:20893	BCOR	ENSG00000183337	BCOR		BCOR	approved	approved_symbol	HGNC complete set
HGNC:13210	ARL6	ENSG00000113966	ARL6		ARL6	approved	approved_symbol	HGNC complete set
HGNC:19351	BICC1	ENSG00000122870	BICC1		BICC1	approved	approved_symbol	HGNC complete set
HGNC:1067	BMP1	ENSG00000168487	BMP1		BMP1	approved	approved_symbol	HGNC complete set
HGNC:20869	BMP10	ENSG00000163217	BMP10		BMP10	approved	approved_symbol	HGNC complete set
HGNC:1069	BMP2	ENSG00000125845	BMP2		BMP2	approved	approved_symbol	HGNC complete set
HGNC:1071	BMP4	ENSG00000125378	BMP4		BMP4	approved	approved_symbol	HGNC complete set
HGNC:1072	BMP5	ENSG00000112175	BMP5		BMP5	approved	approved_symbol	HGNC complete set
HGNC:1073	BMP6	ENSG00000153162	BMP6		BMP6	approved	approved_symbol	HGNC complete set
HGNC:1074	BMP7	ENSG00000101144	BMP7		BMP7	approved	approved_symbol	HGNC complete set
HGNC:1076	BMPR1A	ENSG00000107779	BMPR1A		BMPR1A	approved	approved_symbol	HGNC complete set
HGNC:1077	BMPR1B	ENSG00000138696	BMPR1B		BMPR1B	approved	approved_symbol	HGNC complete set
HGNC:18292	CFC1	ENSG00000136698	CFC1		CFC1	approved	approved_symbol	HGNC complete set
HGNC:1078	BMPR2	ENSG00000204217	BMPR2		BMPR2	approved	approved_symbol	HGNC complete set
HGNC:33983	CFC1B	ENSG00000152093	CFC1B		CFC1B	approved	approved_symbol	HGNC complete set
HGNC:1097	BRAF	ENSG00000157764	BRAF		BRAF	approved	approved_symbol	HGNC complete set
HGNC:1916	CHD1L	ENSG00000131778	CHD1L		CHD1L	approved	approved_symbol	HGNC complete set
HGNC:1121	BTC	ENSG00000174808	BTC		BTC	approved	approved_symbol	HGNC complete set
HGNC:1919	CHD4	ENSG00000111642	CHD4		CHD4	approved	approved_symbol	HGNC complete set
HGNC:1149	BUB1B	ENSG00000156970	BUB1B		BUB1B	approved	approved_symbol	HGNC complete set
HGNC:20626	CHD7	ENSG00000171316	CHD7		CHD7	approved	approved_symbol	HGNC complete set
HGNC:24564	C2CD3	ENSG00000168014	C2CD3		C2CD3;KIAA1841	alias collapsed	approved_symbol	HGNC complete set
HGNC:20153	CHD8	ENSG00000100888	CHD8		CHD8	approved	approved_symbol	HGNC complete set
HGNC:1388	CACNA1A	ENSG00000141837	CACNA1A		CACNA1A	approved	approved_symbol	HGNC complete set
HGNC:13544	CHRAC1	ENSG00000104472	CHRAC1		CHRAC1	approved	approved_symbol	HGNC complete set
HGNC:1390	CACNA1C	ENSG00000151067	CACNA1C		CACNA1C	approved	approved_symbol	HGNC complete set
HGNC:1949	CHRD	ENSG00000090539	CHRD		CHRD	approved	approved_symbol	HGNC complete set
HGNC:1541	CBL	ENSG00000110395	CBL		CBL	approved	approved_symbol	HGNC complete set
HGNC:24464	CHST14	ENSG00000169105	CHST14		CHST14	approved	approved_symbol	HGNC complete set
HGNC:29426	CCBE1	ENSG00000183287	CCBE1		CCBE1	approved	approved_symbol	HGNC complete set
HGNC:1971	CHST3	ENSG00000122863	CHST3		CHST3	approved	approved_symbol	HGNC complete set
HGNC:28033	CCDC174	ENSG00000154781	CCDC174		CCDC174	approved	approved_symbol	HGNC complete set
HGNC:53647	CIROP	ENSG00000283654	CIROP		CIROP	approved	approved_symbol	HGNC complete set
HGNC:28909	CCDC22	ENSG00000101997	CCDC22		CCDC22	approved	approved_symbol	HGNC complete set
HGNC:1987	CITED2	ENSG00000164442	CITED2		CITED2	approved	approved_symbol	HGNC complete set
HGNC:25244	CCDC39	ENSG00000284862	CCDC39		CCDC39	approved	approved_symbol	HGNC complete set
HGNC:2049	CLDN7	ENSG00000181885	CLDN7		CLDN7	approved	approved_symbol	HGNC complete set
HGNC:26090	CCDC40	ENSG00000141519	CCDC40		CCDC40	approved	approved_symbol	HGNC complete set
HGNC:29094	CLUH	ENSG00000132361	CLUH		CLUH	approved	approved_symbol	HGNC complete set
HGNC:28434	CCNQ	ENSG00000262919	CCNQ		CCNQ;FAM58A	alias collapsed	approved_symbol	HGNC complete set
HGNC:2096	CLUL1	ENSG00000079101	CLUL1		CLUL1	approved	approved_symbol	HGNC complete set
HGNC:1617	CCT4	ENSG00000115484	CCT4		CCT4	approved	approved_symbol	HGNC complete set
HGNC:2195	COL18A1	ENSG00000182871	COL18A1		COL18A1	approved	approved_symbol	HGNC complete set
HGNC:16892	CD96	ENSG00000153283	CD96		CD96	approved	approved_symbol	HGNC complete set
HGNC:2197	COL1A1	ENSG00000108821	COL1A1		COL1A1	approved	approved_symbol	HGNC complete set
HGNC:16783	CDC73	ENSG00000134371	CDC73		CDC73	approved	approved_symbol	HGNC complete set
HGNC:2198	COL1A2	ENSG00000164692	COL1A2		COL1A2	approved	approved_symbol	HGNC complete set
HGNC:1759	CDH2	ENSG00000170558	CDH2		CDH2	approved	approved_symbol	HGNC complete set
HGNC:2200	COL2A1	ENSG00000139219	COL2A1		COL2A1	approved	approved_symbol	HGNC complete set
HGNC:1733	CDK13	ENSG00000065883	CDK13		CDK13	approved	approved_symbol	HGNC complete set
HGNC:2201	COL3A1	ENSG00000168542	COL3A1		COL3A1	approved	approved_symbol	HGNC complete set
HGNC:1786	CDKN1C	ENSG00000129757	CDKN1C		CDKN1C	approved	approved_symbol	HGNC complete set
HGNC:2209	COL5A1	ENSG00000130635	COL5A1		COL5A1	approved	approved_symbol	HGNC complete set
HGNC:29021	CEP290	ENSG00000198707	CEP290		CEP290	approved	approved_symbol	HGNC complete set
HGNC:2210	COL5A2	ENSG00000204262	COL5A2		COL5A2	approved	approved_symbol	HGNC complete set
HGNC:12370	CEP41	ENSG00000106477	CEP41		CEP41	approved	approved_symbol	HGNC complete set
HGNC:2211	COL6A1	ENSG00000142156	COL6A1		COL6A1	approved	approved_symbol	HGNC complete set
HGNC:30794	CEP57	ENSG00000166037	CEP57		CEP57	approved	approved_symbol	HGNC complete set
HGNC:2212	COL6A2	ENSG00000142173	COL6A2		COL6A2	approved	approved_symbol	HGNC complete set
HGNC:1862	CER1	ENSG00000147869	CER1		CER1	approved	approved_symbol	HGNC complete set
HGNC:2291	COX7B	ENSG00000131174	COX7B		COX7B	approved	approved_symbol	HGNC complete set
HGNC:1301	CFAP298	ENSG00000159079	CFAP298		C21ORF59;CFAP298	alias collapsed	approved_symbol	HGNC complete set
HGNC:25801	CPLANE1	ENSG00000197603	CPLANE1		CPLANE1	approved	approved_symbol	HGNC complete set
HGNC:26530	CFAP53	ENSG00000172361	CFAP53	CCDC11	CCDC11;CFAP53	approved;same_hgnc_rows_merged	approved_symbol;previous_symbol;same_hgnc_rows_merged	HGNC complete set
HGNC:2348	CREBBP	ENSG00000005339	CREBBP		CBP;CREBBP	alias collapsed	approved_symbol	HGNC complete set
HGNC:14630	CRELD1	ENSG00000163703	CRELD1		CRELD1	approved	approved_symbol	HGNC complete set
HGNC:2356	CRHBP	ENSG00000145708	CRHBP		CRHBP	approved	approved_symbol	HGNC complete set
HGNC:11701	CRIPTO	ENSG00000241186	CRIPTO	TDGF1	TDGF1	approved	previous_symbol	HGNC complete set
HGNC:2363	CRKL	ENSG00000099942	CRKL		CRKL	approved	approved_symbol	HGNC complete set
HGNC:2383	CRX	ENSG00000105392	CRX		CRX	approved	approved_symbol	HGNC complete set
HGNC:2469	CSRP1	ENSG00000159176	CSRP1		CSRP1	approved	approved_symbol	HGNC complete set
HGNC:2511	CTNNA3	ENSG00000183230	CTNNA3		CTNNA3	approved	approved_symbol	HGNC complete set
HGNC:2514	CTNNB1	ENSG00000168036	CTNNB1		CTNNB1	approved	approved_symbol	HGNC complete set
HGNC:2515	CTNND1	ENSG00000198561	CTNND1		CTNND1	approved	approved_symbol	HGNC complete set
HGNC:2953	DNAH9	ENSG00000007174	DNAH9		DNAH9	approved	approved_symbol	HGNC complete set
HGNC:2516	CTNND2	ENSG00000169862	CTNND2		CTNND2	approved	approved_symbol	HGNC complete set
HGNC:2954	DNAI1	ENSG00000122735	DNAI1		DNAI1	approved	approved_symbol	HGNC complete set
HGNC:16850	CTR9	ENSG00000198730	CTR9		CTR9	approved	approved_symbol	HGNC complete set
HGNC:18744	DNAI2	ENSG00000171595	DNAI2		DNAI2	approved	approved_symbol	HGNC complete set
HGNC:28005	CTU2	ENSG00000174177	CTU2		CTU2	approved	approved_symbol	HGNC complete set
HGNC:23247	DNAL1	ENSG00000119661	DNAL1		DNAL1	approved	approved_symbol	HGNC complete set
HGNC:2553	CUL3	ENSG00000036257	CUL3		CUL3	approved	approved_symbol	HGNC complete set
HGNC:19189	DOCK6	ENSG00000130158	DOCK6		DOCK6	approved	approved_symbol	HGNC complete set
HGNC:26780	DAND5	ENSG00000179284	DAND5		DAND5	approved	approved_symbol	HGNC complete set
HGNC:28662	DOHH	ENSG00000129932	DOHH		DOHH	approved	approved_symbol	HGNC complete set
HGNC:2676	DAPK3	ENSG00000167657	DAPK3		DAPK3	approved	approved_symbol	HGNC complete set
HGNC:23406	DOLK	ENSG00000175283	DOLK		DOLK	approved	approved_symbol	HGNC complete set
HGNC:13681	DCHS1	ENSG00000166341	DCHS1		DCHS1	approved	approved_symbol	HGNC complete set
HGNC:3005	DPM1	ENSG00000000419	DPM1		DPM1	approved	approved_symbol	HGNC complete set
HGNC:2736	DDX11	ENSG00000013573	DDX11		DDX11	approved	approved_symbol	HGNC complete set
HGNC:19200	DPPA4	ENSG00000121570	DPPA4		DPPA4	approved	approved_symbol	HGNC complete set
HGNC:2745	DDX3X	ENSG00000215301	DDX3X		DDX3X	approved	approved_symbol	HGNC complete set
HGNC:21144	DSE	ENSG00000111817	DSE		DSE	approved	approved_symbol	HGNC complete set
HGNC:2845	DGCR2	ENSG00000070413	DGCR2		DGCR2	approved	approved_symbol	HGNC complete set
HGNC:3057	DTNA	ENSG00000134769	DTNA		DTNA	approved	approved_symbol	HGNC complete set
HGNC:2859	DHCR24	ENSG00000116133	DHCR24		DHCR24	approved	approved_symbol	HGNC complete set
HGNC:2962	DYNC2H1	ENSG00000187240	DYNC2H1		DYNC2H1	approved	approved_symbol	HGNC complete set
HGNC:2860	DHCR7	ENSG00000172893	DHCR7		DHCR7	approved	approved_symbol	HGNC complete set
HGNC:21862	DYNC2I1	ENSG00000126870	DYNC2I1	WDR60	WDR60	approved	previous_symbol	HGNC complete set
HGNC:2904	DLG5	ENSG00000151208	DLG5		DLG5	approved	approved_symbol	HGNC complete set
HGNC:24595	DYNC2LI1	ENSG00000138036	DYNC2LI1		DYNC2LI1	approved	approved_symbol	HGNC complete set
HGNC:2909	DLL3	ENSG00000090932	DLL3		DLL3	approved	approved_symbol	HGNC complete set
HGNC:20908	DZIP1	ENSG00000134874	DZIP1		DZIP1	approved	approved_symbol	HGNC complete set
HGNC:2910	DLL4	ENSG00000128917	DLL4		DLL4	approved	approved_symbol	HGNC complete set
HGNC:3146	ECE1	ENSG00000117298	ECE1		ECE1	approved	approved_symbol	HGNC complete set
HGNC:2935	DMRT2	ENSG00000173253	DMRT2		DMRT2	approved	approved_symbol	HGNC complete set
HGNC:13275	ECE2	ENSG00000145194	ECE2		ECE2	approved	approved_symbol	HGNC complete set
HGNC:30539	DNAAF1	ENSG00000154099	DNAAF1		DNAAF1;LRRC50	alias collapsed	approved_symbol	HGNC complete set
HGNC:3176	EDN1	ENSG00000078401	EDN1		EDN1	approved	approved_symbol	HGNC complete set
HGNC:16725	DNAAF11	ENSG00000129295	DNAAF11	LRRC6	LRRC6	approved	previous_symbol	HGNC complete set
HGNC:3179	EDNRA	ENSG00000151617	EDNRA		EDNRA	approved	approved_symbol	HGNC complete set
HGNC:32700	DNAAF19	ENSG00000167131	DNAAF19	CCDC103	CCDC103	approved	previous_symbol	HGNC complete set
HGNC:3188	EED	ENSG00000074266	EED		EED	approved	approved_symbol	HGNC complete set
HGNC:20188	DNAAF2	ENSG00000165506	DNAAF2		DNAAF2	approved	approved_symbol	HGNC complete set
HGNC:3227	EFNB2	ENSG00000125266	EFNB2		EFNB2	approved	approved_symbol	HGNC complete set
HGNC:30492	DNAAF3	ENSG00000167646	DNAAF3		DNAAF3	approved	approved_symbol	HGNC complete set
HGNC:30858	EFTUD2	ENSG00000108883	EFTUD2		EFTUD2	approved	approved_symbol	HGNC complete set
HGNC:21493	DNAAF4	ENSG00000256061	DNAAF4		DNAAF4	approved	approved_symbol	HGNC complete set
HGNC:3236	EGFR	ENSG00000146648	EGFR		EGFR	approved	approved_symbol	HGNC complete set
HGNC:26013	DNAAF5	ENSG00000164818	DNAAF5	HEATR2	DNAAF5;HEATR2	approved;same_hgnc_rows_merged	approved_symbol;previous_symbol;same_hgnc_rows_merged	HGNC complete set
HGNC:24650	EHMT1	ENSG00000181090	EHMT1		EHMT1	approved	approved_symbol	HGNC complete set
HGNC:28570	DNAAF6	ENSG00000080572	DNAAF6	PIH1D3	PIH1D3	approved	previous_symbol	HGNC complete set
HGNC:3327	ELN	ENSG00000049540	ELN		ELN	approved	approved_symbol	HGNC complete set
HGNC:2942	DNAH11	ENSG00000105877	DNAH11		DNAH11	approved	approved_symbol	HGNC complete set
HGNC:3349	ENG	ENSG00000106991	ENG		ENG	approved	approved_symbol	HGNC complete set
HGNC:2950	DNAH5	ENSG00000039139	DNAH5		DNAH5	approved	approved_symbol	HGNC complete set
HGNC:28526	EOGT	ENSG00000163378	EOGT		EOGT	approved	approved_symbol	HGNC complete set
HGNC:3373	EP300	ENSG00000100393	EP300		EP300	approved	approved_symbol	HGNC complete set
HGNC:3393	EPHB2	ENSG00000133216	EPHB2		EPHB2	approved	approved_symbol	HGNC complete set
HGNC:3415	EPO	ENSG00000130427	EPO		EPO	approved	approved_symbol	HGNC complete set
HGNC:3416	EPOR	ENSG00000187266	EPOR		EPOR	approved	approved_symbol	HGNC complete set
HGNC:27230	ESCO2	ENSG00000171320	ESCO2		ESCO2	approved	approved_symbol	HGNC complete set
HGNC:3488	ETS1	ENSG00000134954	ETS1		ETS1	approved	approved_symbol	HGNC complete set
HGNC:3489	ETS2	ENSG00000157557	ETS2		ETS2	approved	approved_symbol	HGNC complete set
HGNC:3497	EVC	ENSG00000072840	EVC		EVC	approved	approved_symbol	HGNC complete set
HGNC:19747	EVC2	ENSG00000173040	EVC2		EVC2	approved	approved_symbol	HGNC complete set
HGNC:3791	FOLR1	ENSG00000110195	FOLR1		FOLR1	approved	approved_symbol	HGNC complete set
HGNC:3519	EYA1	ENSG00000104313	EYA1		EYA1	approved	approved_symbol	HGNC complete set
HGNC:5022	FOXA2	ENSG00000125798	FOXA2		FOXA2	approved	approved_symbol	HGNC complete set
HGNC:3526	EZH1	ENSG00000108799	EZH1		EZH1	approved	approved_symbol	HGNC complete set
HGNC:3800	FOXC1	ENSG00000054598	FOXC1		FOXC1	approved	approved_symbol	HGNC complete set
HGNC:3582	FANCA	ENSG00000187741	FANCA		FANCA	approved	approved_symbol	HGNC complete set
HGNC:3801	FOXC2	ENSG00000176692	FOXC2		FOXC2	approved	approved_symbol	HGNC complete set
HGNC:3583	FANCB	ENSG00000181544	FANCB		FANCB	approved	approved_symbol	HGNC complete set
HGNC:3809	FOXF1	ENSG00000103241	FOXF1		FOXF1	approved	approved_symbol	HGNC complete set
HGNC:3584	FANCC	ENSG00000158169	FANCC		FANCC	approved	approved_symbol	HGNC complete set
HGNC:3814	FOXH1	ENSG00000160973	FOXH1		FOXH1	approved	approved_symbol	HGNC complete set
HGNC:3585	FANCD2	ENSG00000144554	FANCD2		FANCD2	approved	approved_symbol	HGNC complete set
HGNC:3817	FOXL1	ENSG00000176678	FOXL1		FOXL1	approved	approved_symbol	HGNC complete set
HGNC:3586	FANCE	ENSG00000112039	FANCE		FANCE	approved	approved_symbol	HGNC complete set
HGNC:1092	FOXL2	ENSG00000183770	FOXL2		FOXL2	approved	approved_symbol	HGNC complete set
HGNC:3587	FANCF	ENSG00000183161	FANCF		FANCF	approved	approved_symbol	HGNC complete set
HGNC:3823	FOXP1	ENSG00000114861	FOXP1		FOXP1	approved	approved_symbol	HGNC complete set
HGNC:3588	FANCG	ENSG00000221829	FANCG		FANCG	approved	approved_symbol	HGNC complete set
HGNC:20842	FOXP4	ENSG00000137166	FOXP4		FOXP4	approved	approved_symbol	HGNC complete set
HGNC:25568	FANCI	ENSG00000140525	FANCI		FANCI	approved	approved_symbol	HGNC complete set
HGNC:29127	FRYL	ENSG00000075539	FRYL		FRYL	approved	approved_symbol	HGNC complete set
HGNC:20748	FANCL	ENSG00000115392	FANCL		FANCL	approved	approved_symbol	HGNC complete set
HGNC:24678	FTO	ENSG00000140718	FTO		FTO	approved	approved_symbol	HGNC complete set
HGNC:23168	FANCM	ENSG00000187790	FANCM		FANCM	approved	approved_symbol	HGNC complete set
HGNC:8568	FURIN	ENSG00000140564	FURIN		FURIN	approved	approved_symbol	HGNC complete set
HGNC:3601	FBLN2	ENSG00000163520	FBLN2		FBLN2	approved	approved_symbol	HGNC complete set
HGNC:24861	G6PC3	ENSG00000141349	G6PC3		G6PC3	approved	approved_symbol	HGNC complete set
HGNC:3603	FBN1	ENSG00000166147	FBN1		FBN1	approved	approved_symbol	HGNC complete set
HGNC:27949	GADL1	ENSG00000144644	GADL1		GADL1	approved	approved_symbol	HGNC complete set
HGNC:3604	FBN2	ENSG00000138829	FBN2		FBN2	approved	approved_symbol	HGNC complete set
HGNC:4122	GALNS	ENSG00000141012	GALNS		GALNS	approved	approved_symbol	HGNC complete set
HGNC:3663	FGD1	ENSG00000102302	FGD1		FGD1	approved	approved_symbol	HGNC complete set
HGNC:19875	GALNT11	ENSG00000178234	GALNT11		GALNT11	approved	approved_symbol	HGNC complete set
HGNC:3686	FGF8	ENSG00000107831	FGF8		FGF8	approved	approved_symbol	HGNC complete set
HGNC:4138	GANAB	ENSG00000089597	GANAB		GANAB	approved	approved_symbol	HGNC complete set
HGNC:3688	FGFR1	ENSG00000077782	FGFR1		FGFR1	approved	approved_symbol	HGNC complete set
HGNC:4173	GATA4	ENSG00000136574	GATA4		GATA4	approved	approved_symbol	HGNC complete set
HGNC:3689	FGFR2	ENSG00000066468	FGFR2		FGFR2	approved	approved_symbol	HGNC complete set
HGNC:15802	GATA5	ENSG00000130700	GATA5		GATA5	approved	approved_symbol	HGNC complete set
HGNC:16873	FIG4	ENSG00000112367	FIG4		FIG4	approved	approved_symbol	HGNC complete set
HGNC:4174	GATA6	ENSG00000141448	GATA6		GATA6	approved	approved_symbol	HGNC complete set
HGNC:3622	FKTN	ENSG00000106692	FKTN		FKTN	approved	approved_symbol	HGNC complete set
HGNC:4214	GDF1	ENSG00000130283	GDF1		GDF1	approved	approved_symbol	HGNC complete set
HGNC:3754	FLNA	ENSG00000196924	FLNA		FLNA	approved	approved_symbol	HGNC complete set
HGNC:4274	GJA1	ENSG00000152661	GJA1		GJA1	approved	approved_symbol	HGNC complete set
HGNC:3755	FLNB	ENSG00000136068	FLNB		FLNB	approved	approved_symbol	HGNC complete set
HGNC:4279	GJA5	ENSG00000265107	GJA5		GJA5	approved	approved_symbol	HGNC complete set
HGNC:3767	FLT4	ENSG00000037280	FLT4		FLT4	approved	approved_symbol	HGNC complete set
HGNC:4281	GJA8	ENSG00000121634	GJA8		GJA8	approved	approved_symbol	HGNC complete set
HGNC:3773	FMO5	ENSG00000131781	FMO5		FMO5	approved	approved_symbol	HGNC complete set
HGNC:19155	GJA9	ENSG00000131233	GJA9		GJA9	approved	approved_symbol	HGNC complete set
HGNC:3775	FMR1	ENSG00000102081	FMR1		FMR1	approved	approved_symbol	HGNC complete set
HGNC:4280	GJC1	ENSG00000182963	GJC1		GJC1	approved	approved_symbol	HGNC complete set
HGNC:4319	GLI3	ENSG00000106571	GLI3		GLI3	approved	approved_symbol	HGNC complete set
HGNC:10524	SALL1	ENSG00000103449	SALL1		SALL1	approved	approved_symbol	HGNC complete set
HGNC:18541	KMT2E	ENSG00000005483	KMT2E		KMT2E	approved	approved_symbol	HGNC complete set
HGNC:5466	IGF2	ENSG00000167244	IGF2		IGF2	approved	approved_symbol	HGNC complete set
HGNC:11188	SOS2	ENSG00000100485	SOS2		SOS2	approved	approved_symbol	HGNC complete set
HGNC:24750	ZNF699	ENSG00000196110	ZNF699		ZNF699	approved	approved_symbol	HGNC complete set
HGNC:12682	VEGFC	ENSG00000150630	VEGFC		VEGFC	approved	approved_symbol	HGNC complete set
HGNC:10249	ROBO1	ENSG00000169855	ROBO1		ROBO1	approved	approved_symbol	HGNC complete set
HGNC:9896	RBM10	ENSG00000182872	RBM10		RBM10	approved	approved_symbol	HGNC complete set
HGNC:11714	TEAD1	ENSG00000187079	TEAD1		TEAD1	approved	approved_symbol	HGNC complete set
HGNC:7820	NHS	ENSG00000188158	NHS		NHS	approved	approved_symbol	HGNC complete set
HGNC:8632	PBX1	ENSG00000185630	PBX1		PBX1	approved	approved_symbol	HGNC complete set
HGNC:24663	RABGAP1L	ENSG00000152061	RABGAP1L		RABGAP1L	approved	approved_symbol	HGNC complete set
HGNC:7577	MYH7	ENSG00000092054	MYH7		MYH7	approved	approved_symbol	HGNC complete set
HGNC:10725	SEMA3C	ENSG00000075223	SEMA3C		SEMA3C	approved	approved_symbol	HGNC complete set
HGNC:8923	PHGDH	ENSG00000092621	PHGDH		PHGDH	approved	approved_symbol	HGNC complete set
HGNC:9008	PKD1	ENSG00000008710	PKD1		PKD1	approved	approved_symbol	HGNC complete set
HGNC:26560	ODAD1	ENSG00000105479	ODAD1	CCDC114	CCDC114	approved	previous_symbol	HGNC complete set
HGNC:29250	WDR35	ENSG00000118965	WDR35		WDR35	approved	approved_symbol	HGNC complete set
HGNC:13672	KLF13	ENSG00000169926	KLF13		KLF13	approved	approved_symbol	HGNC complete set
HGNC:6996	MEF2C	ENSG00000081189	MEF2C		MEF2C	approved	approved_symbol	HGNC complete set
HGNC:6594	LHX2	ENSG00000106689	LHX2		LHX2	approved	approved_symbol	HGNC complete set
HGNC:16461	WBP11	ENSG00000084463	WBP11		WBP11	approved	approved_symbol	HGNC complete set
HGNC:24565	KANSL1	ENSG00000120071	KANSL1		KANSL1	approved	approved_symbol	HGNC complete set
HGNC:12310	TRIP4	ENSG00000103671	TRIP4		TRIP4	approved	approved_symbol	HGNC complete set
HGNC:6859	MAP3K7	ENSG00000135341	MAP3K7		MAP3K7	approved	approved_symbol	HGNC complete set
HGNC:28229	LLPH	ENSG00000139233	LLPH		LLPH	approved	approved_symbol	HGNC complete set
HGNC:6415	KRT13	ENSG00000171401	KRT13		KRT13	approved	approved_symbol	HGNC complete set
HGNC:11592	TBX1	ENSG00000184058	TBX1		TBX1	approved	approved_symbol	HGNC complete set
HGNC:16700	ZFPM2	ENSG00000169946	ZFPM2		ZFPM2	approved	approved_symbol	HGNC complete set
HGNC:21558	RSPH4A	ENSG00000111834	RSPH4A		RSPH4A	approved	approved_symbol	HGNC complete set
HGNC:11632	TCF21	ENSG00000118526	TCF21		TCF21	approved	approved_symbol	HGNC complete set
HGNC:11602	TBX3	ENSG00000135111	TBX3		TBX3	approved	approved_symbol	HGNC complete set
HGNC:7777	NFATC3	ENSG00000072736	NFATC3		NFATC3	approved	approved_symbol	HGNC complete set
HGNC:6768	SMAD2	ENSG00000175387	SMAD2		SMAD2	approved	approved_symbol	HGNC complete set
HGNC:13398	NSDHL	ENSG00000147383	NSDHL		NSDHL	approved	approved_symbol	HGNC complete set
HGNC:8851	PEX10	ENSG00000157911	PEX10		PEX10	approved	approved_symbol	HGNC complete set
HGNC:10593	SCN5A	ENSG00000183873	SCN5A		SCN5A	approved	approved_symbol	HGNC complete set
HGNC:6889	MAPKAPK5	ENSG00000089022	MAPKAPK5		MAPKAPK5	approved	approved_symbol	HGNC complete set
HGNC:6518	LBR	ENSG00000143815	LBR		LBR	approved	approved_symbol	HGNC complete set
HGNC:7739	NEFL	ENSG00000277586	NEFL		NEFL	approved	approved_symbol	HGNC complete set
HGNC:12362	TSC1	ENSG00000165699	TSC1		TSC1	approved	approved_symbol	HGNC complete set
HGNC:7132	KMT2A	ENSG00000118058	KMT2A		KMT2A	approved	approved_symbol	HGNC complete set
HGNC:11595	TBX18	ENSG00000112837	TBX18		TBX18	approved	approved_symbol	HGNC complete set
HGNC:7765	NF1	ENSG00000196712	NF1		NF1	approved	approved_symbol	HGNC complete set
HGNC:10252	ROCK2	ENSG00000134318	ROCK2		ROCK2	approved	approved_symbol	HGNC complete set
HGNC:34016	RNU4ATAC	ENSG00000264229	RNU4ATAC		RNU4ATAC	approved	approved_symbol	HGNC complete set
HGNC:4808	HAND2	ENSG00000164107	HAND2		HAND2	approved	approved_symbol	HGNC complete set
HGNC:10432	RPS6KA3	ENSG00000177189	RPS6KA3		RPS6KA3	approved	approved_symbol	HGNC complete set
HGNC:20064	USP44	ENSG00000136014	USP44		USP44	approved	approved_symbol	HGNC complete set
HGNC:25430	LRRC56	ENSG00000161328	LRRC56		LRRC56	approved	approved_symbol	HGNC complete set
HGNC:14982	PAPOLG	ENSG00000115421	PAPOLG		PAPOLG	approved	approved_symbol	HGNC complete set
HGNC:11559	TALDO1	ENSG00000177156	TALDO1		TALDO1	approved	approved_symbol	HGNC complete set
HGNC:6694	LRP2	ENSG00000081479	LRP2		LRP2	approved	approved_symbol	HGNC complete set
HGNC:6188	JAG1	ENSG00000101384	JAG1		JAG1	approved	approved_symbol	HGNC complete set
HGNC:13013	KAT6A	ENSG00000083168	KAT6A		KAT6A	approved	approved_symbol	HGNC complete set
HGNC:6871	MAPK1	ENSG00000100030	MAPK1		MAPK1	approved	approved_symbol	HGNC complete set
HGNC:20074	PAN2	ENSG00000135473	PAN2		PAN2	approved	approved_symbol	HGNC complete set
HGNC:3182	PHC1	ENSG00000111752	PHC1		PHC1	approved	approved_symbol	HGNC complete set
HGNC:16867	RNF40	ENSG00000103549	RNF40		RNF40	approved	approved_symbol	HGNC complete set
HGNC:11119	SMO	ENSG00000128602	SMO		SMO	approved	approved_symbol	HGNC complete set
HGNC:8967	PIGN	ENSG00000197563	PIGN		PIGN	approved	approved_symbol	HGNC complete set
HGNC:11123	SMS	ENSG00000102172	SMS		SMS	approved	approved_symbol	HGNC complete set
HGNC:17264	POLR1A	ENSG00000068654	POLR1A		POLR1A	approved	approved_symbol	HGNC complete set
HGNC:7095	MID1	ENSG00000101871	MID1		MID1	approved	approved_symbol	HGNC complete set
HGNC:11204	SOX9	ENSG00000125398	SOX9		SOX9	approved	approved_symbol	HGNC complete set
HGNC:11834	TKT	ENSG00000163931	TKT		TKT	approved	approved_symbol	HGNC complete set
HGNC:7871	NONO	ENSG00000147140	NONO		NONO	approved	approved_symbol	HGNC complete set
HGNC:6767	SMAD1	ENSG00000170365	SMAD1		SMAD1	approved	approved_symbol	HGNC complete set
HGNC:12663	VCAM1	ENSG00000162692	VCAM1		VCAM1	approved	approved_symbol	HGNC complete set
HGNC:5173	HRAS	ENSG00000174775	HRAS		HRAS	approved	approved_symbol	HGNC complete set
HGNC:12637	KDM6A	ENSG00000147050	KDM6A		KDM6A	approved	approved_symbol	HGNC complete set
HGNC:26031	PIGV	ENSG00000060642	PIGV		PIGV	approved	approved_symbol	HGNC complete set
HGNC:3059	HBEGF	ENSG00000113070	HBEGF		HBEGF	approved	approved_symbol	HGNC complete set
HGNC:7618	PPP1R12A	ENSG00000058272	PPP1R12A		PPP1R12A	approved	approved_symbol	HGNC complete set
HGNC:7108	MKKS	ENSG00000125863	MKKS		BBS6;MKKS	alias collapsed	approved_symbol	HGNC complete set
HGNC:7776	NFATC2	ENSG00000101096	NFATC2		NFATC2	approved	approved_symbol	HGNC complete set
HGNC:10402	RPS19	ENSG00000105372	RPS19		RPS19	approved	approved_symbol	HGNC complete set
HGNC:13610	KDM2B	ENSG00000089094	KDM2B		KDM2B	approved	approved_symbol	HGNC complete set
HGNC:4881	HEY2	ENSG00000135547	HEY2		HEY2	approved	approved_symbol	HGNC complete set
HGNC:8023	NTF3	ENSG00000185652	NTF3		NTF3	approved	approved_symbol	HGNC complete set
HGNC:32940	NKX2-6	ENSG00000180053	NKX2-6		NKX2-6	approved	approved_symbol	HGNC complete set
HGNC:9834	RAI1	ENSG00000108557	RAI1		RAI1	approved	approved_symbol	HGNC complete set
HGNC:17859	NUP188	ENSG00000095319	NUP188		NUP188	approved	approved_symbol	HGNC complete set
HGNC:8747	PCSK5	ENSG00000099139	PCSK5		PCSK5	approved	approved_symbol	HGNC complete set
HGNC:9954	REL	ENSG00000162924	REL		REL	approved	approved_symbol	HGNC complete set
HGNC:11743	TFAP2B	ENSG00000008196	TFAP2B		TFAP2B	approved	approved_symbol	HGNC complete set
HGNC:5956	IHH	ENSG00000163501	IHH		IHH	approved	approved_symbol	HGNC complete set
HGNC:10383	RPS10	ENSG00000124614	RPS10		RPS10	approved	approved_symbol	HGNC complete set
HGNC:10771	SF3B4	ENSG00000143368	SF3B4		SF3B4	approved	approved_symbol	HGNC complete set
HGNC:9459	PROX1	ENSG00000117707	PROX1		PROX1	approved	approved_symbol	HGNC complete set
HGNC:6407	KRAS	ENSG00000133703	KRAS		KRAS	approved	approved_symbol	HGNC complete set
HGNC:8617	PAX3	ENSG00000135903	PAX3		PAX3	approved	approved_symbol	HGNC complete set
HGNC:11174	SNX3	ENSG00000112335	SNX3		SNX3	approved	approved_symbol	HGNC complete set
HGNC:5361	ID2	ENSG00000115738	ID2		ID2	approved	approved_symbol	HGNC complete set
HGNC:16791	TSEN15	ENSG00000198860	TSEN15		TSEN15	approved	approved_symbol	HGNC complete set
HGNC:30892	HUWE1	ENSG00000086758	HUWE1		HUWE1	approved	approved_symbol	HGNC complete set
HGNC:30782	NAA15	ENSG00000164134	NAA15		NAA15	approved	approved_symbol	HGNC complete set
HGNC:30367	S100Z	ENSG00000171643	S100Z		S100Z	approved	approved_symbol	HGNC complete set
HGNC:13469	TNFRSF21	ENSG00000146072	TNFRSF21		TNFRSF21	approved	approved_symbol	HGNC complete set
HGNC:12757	WDR5	ENSG00000196363	WDR5		WDR5	approved	approved_symbol	HGNC complete set
HGNC:28984	WASHC5	ENSG00000164961	WASHC5		WASHC5	approved	approved_symbol	HGNC complete set
HGNC:20344	UBR7	ENSG00000012963	UBR7		UBR7	approved	approved_symbol	HGNC complete set
HGNC:9005	PITX2	ENSG00000164093	PITX2		PITX2	approved	approved_symbol	HGNC complete set
HGNC:25459	PAF1	ENSG00000006712	PAF1		PAF1	approved	approved_symbol	HGNC complete set
HGNC:7010	MEN1	ENSG00000133895	MEN1		MEN1	approved	approved_symbol	HGNC complete set
HGNC:6294	KCNQ1	ENSG00000053918	KCNQ1		KCNQ1	approved	approved_symbol	HGNC complete set
HGNC:24283	KMT5B	ENSG00000110066	KMT5B		KMT5B;SUV420H1	alias collapsed	approved_symbol	HGNC complete set
HGNC:2464	VCAN	ENSG00000038427	VCAN		VCAN	approved	approved_symbol	HGNC complete set
HGNC:10345	RPL35A	ENSG00000182899	RPL35A		RPL35A	approved	approved_symbol	HGNC complete set
HGNC:17045	NKD1	ENSG00000140807	NKD1		NKD1	approved	approved_symbol	HGNC complete set
HGNC:11100	SMARCA4	ENSG00000127616	SMARCA4		SMARCA4	approved	approved_symbol	HGNC complete set
HGNC:9107	PLXND1	ENSG00000004399	PLXND1		PLXND1	approved	approved_symbol	HGNC complete set
HGNC:9009	PKD2	ENSG00000118762	PKD2		PKD2	approved	approved_symbol	HGNC complete set
HGNC:28887	LEMD3	ENSG00000174106	LEMD3		LEMD3	approved	approved_symbol	HGNC complete set
HGNC:18196	SOX7	ENSG00000171056	SOX7		SOX7	approved	approved_symbol	HGNC complete set
HGNC:29832	NADSYN1	ENSG00000172890	NADSYN1		NADSYN1	approved	approved_symbol	HGNC complete set
HGNC:2567	OFD1	ENSG00000046651	OFD1		OFD1	approved	approved_symbol	HGNC complete set
HGNC:28369	THOC6	ENSG00000131652	THOC6		THOC6	approved	approved_symbol	HGNC complete set
HGNC:7865	NODAL	ENSG00000156574	NODAL		NODAL	approved	approved_symbol	HGNC complete set
HGNC:18053	PKD1L1	ENSG00000158683	PKD1L1		PKD1L1	approved	approved_symbol	HGNC complete set
HGNC:14068	HDAC5	ENSG00000108840	HDAC5		HDAC5	approved	approved_symbol	HGNC complete set
HGNC:29187	SETD1B	ENSG00000139718	SETD1B		SETD1B	approved	approved_symbol	HGNC complete set
HGNC:28862	NIPBL	ENSG00000164190	NIPBL		NIPBL	approved	approved_symbol	HGNC complete set
HGNC:11212	SPAG1	ENSG00000104450	SPAG1		SPAG1	approved	approved_symbol	HGNC complete set
HGNC:23396	PHYHD1	ENSG00000175287	PHYHD1		PHYHD1	approved	approved_symbol	HGNC complete set
HGNC:7745	NEK2	ENSG00000117650	NEK2		NEK2	approved	approved_symbol	HGNC complete set
HGNC:10411	RPS24	ENSG00000138326	RPS24		RPS24	approved	approved_symbol	HGNC complete set
HGNC:14065	HDAC9	ENSG00000048052	HDAC9		HDAC9	approved	approved_symbol	HGNC complete set
HGNC:11654	TCOF1	ENSG00000070814	TCOF1		TCOF1	approved	approved_symbol	HGNC complete set
HGNC:4061	SLC37A4	ENSG00000137700	SLC37A4		SLC37A4	approved	approved_symbol	HGNC complete set
HGNC:7045	MGAT2	ENSG00000168282	MGAT2		MGAT2	approved	approved_symbol	HGNC complete set
HGNC:15454	SHOC2	ENSG00000108061	SHOC2		SHOC2	approved	approved_symbol	HGNC complete set
HGNC:6769	SMAD3	ENSG00000166949	SMAD3		SMAD3	approved	approved_symbol	HGNC complete set
HGNC:25660	TTC21B	ENSG00000123607	TTC21B		TTC21B	approved	approved_symbol	HGNC complete set
HGNC:6771	SMAD5	ENSG00000113658	SMAD5		SMAD5	approved	approved_symbol	HGNC complete set
HGNC:11408	STK4	ENSG00000101109	STK4		STK4	approved	approved_symbol	HGNC complete set
HGNC:7775	NFATC1	ENSG00000131196	NFATC1		NFATC1	approved	approved_symbol	HGNC complete set
HGNC:9314	PPP3CA	ENSG00000138814	PPP3CA		PPP3CA	approved	approved_symbol	HGNC complete set
HGNC:20066	USP34	ENSG00000115464	USP34		USP34	approved	approved_symbol	HGNC complete set
HGNC:7884	NOTCH4	ENSG00000204301	NOTCH4		NOTCH4	approved	approved_symbol	HGNC complete set
HGNC:6184	ITSN2	ENSG00000198399	ITSN2		ITSN2	approved	approved_symbol	HGNC complete set
HGNC:11111	SMC1A	ENSG00000072501	SMC1A		SMC1A	approved	approved_symbol	HGNC complete set
HGNC:20324	TGDS	ENSG00000088451	TGDS		TGDS	approved	approved_symbol	HGNC complete set
HGNC:4852	HDAC1	ENSG00000116478	HDAC1		HDAC1	approved	approved_symbol	HGNC complete set
HGNC:29168	RPGRIP1L	ENSG00000103494	RPGRIP1L		RPGRIP1L	approved	approved_symbol	HGNC complete set
HGNC:12767	NSD3	ENSG00000147548	NSD3		NSD3;WHSC1L1	alias collapsed	approved_symbol	HGNC complete set
HGNC:13315	HDAC8	ENSG00000147099	HDAC8		HDAC8	approved	approved_symbol	HGNC complete set
HGNC:6840	MAP2K1	ENSG00000169032	MAP2K1		MAP2K1	approved	approved_symbol	HGNC complete set
HGNC:10257	ROR2	ENSG00000169071	ROR2		ROR2	approved	approved_symbol	HGNC complete set
HGNC:28983	TMEM94	ENSG00000177728	TMEM94		TMEM94	approved	approved_symbol	HGNC complete set
HGNC:9906	RBFOX2	ENSG00000100320	RBFOX2		RBFOX2	approved	approved_symbol	HGNC complete set
HGNC:29077	IFT140	ENSG00000187535	IFT140		IFT140	approved	approved_symbol	HGNC complete set
HGNC:9983	RFX2	ENSG00000087903	RFX2		RFX2	approved	approved_symbol	HGNC complete set
HGNC:7744	NEK1	ENSG00000137601	NEK1		NEK1	approved	approved_symbol	HGNC complete set
HGNC:28303	ODAD3	ENSG00000198003	ODAD3	CCDC151	CCDC151	approved	previous_symbol	HGNC complete set
HGNC:8850	PEX1	ENSG00000127980	PEX1		PEX1	approved	approved_symbol	HGNC complete set
HGNC:6636	LMNA	ENSG00000160789	LMNA		LMNA	approved	approved_symbol	HGNC complete set
HGNC:19104	NPHP4	ENSG00000131697	NPHP4		NPHP4	approved	approved_symbol	HGNC complete set
HGNC:15882	PCMTD2	ENSG00000203880	PCMTD2		PCMTD2	approved	approved_symbol	HGNC complete set
HGNC:14357	MMP21	ENSG00000154485	MMP21		MMP21	approved	approved_symbol	HGNC complete set
HGNC:13387	NEK8	ENSG00000160602	NEK8		NEK8	approved	approved_symbol	HGNC complete set
HGNC:24149	HES4	ENSG00000188290	HES4		HES4	approved	approved_symbol	HGNC complete set
HGNC:7883	NOTCH3	ENSG00000074181	NOTCH3		NOTCH3	approved	approved_symbol	HGNC complete set
HGNC:16380	TRIM32	ENSG00000119401	TRIM32		TRIM32	approved	approved_symbol	HGNC complete set
HGNC:21595	SESN1	ENSG00000080546	SESN1		SESN1	approved	approved_symbol	HGNC complete set
HGNC:14263	RAB23	ENSG00000112210	RAB23		RAB23	approved	approved_symbol	HGNC complete set
HGNC:10062	RNF20	ENSG00000155827	RNF20		RNF20	approved	approved_symbol	HGNC complete set
HGNC:29079	KDM1A	ENSG00000004487	KDM1A		KDM1A	approved	approved_symbol	HGNC complete set
HGNC:8854	PEX12	ENSG00000108733	PEX12		PEX12	approved	approved_symbol	HGNC complete set
HGNC:12784	WNT5A	ENSG00000114251	WNT5A		WNT5A	approved	approved_symbol	HGNC complete set
HGNC:8569	PCSK6	ENSG00000140479	PCSK6		PCSK6	approved	approved_symbol	HGNC complete set
HGNC:11469	SUPT5H	ENSG00000196235	SUPT5H		SUPT5H	approved	approved_symbol	HGNC complete set
HGNC:20185	TMEM260	ENSG00000070269	TMEM260		TMEM260	approved	approved_symbol	HGNC complete set
HGNC:21057	RSPH9	ENSG00000172426	RSPH9		RSPH9	approved	approved_symbol	HGNC complete set
HGNC:18039	KDM5B	ENSG00000117139	KDM5B		KDM5B	approved	approved_symbol	HGNC complete set
HGNC:12680	VEGFA	ENSG00000112715	VEGFA		VEGFA	approved	approved_symbol	HGNC complete set
HGNC:16473	NME8	ENSG00000086288	NME8		NME8;TXNDC3	alias collapsed	approved_symbol	HGNC complete set
HGNC:7939	NPPA	ENSG00000175206	NPPA		NPPA	approved	approved_symbol	HGNC complete set
HGNC:6716	LTBP3	ENSG00000168056	LTBP3		LTBP3	approved	approved_symbol	HGNC complete set
HGNC:10360	RPL5	ENSG00000122406	RPL5		RPL5	approved	approved_symbol	HGNC complete set
HGNC:15985	SVEP1	ENSG00000165124	SVEP1		SVEP1	approved	approved_symbol	HGNC complete set
HGNC:6842	MAP2K2	ENSG00000126934	MAP2K2		MAP2K2	approved	approved_symbol	HGNC complete set
HGNC:9397	ZMYND8	ENSG00000101040	ZMYND8		ZMYND8	approved	approved_symbol	HGNC complete set
HGNC:11128	SNAI1	ENSG00000124216	SNAI1		SNAI1	approved	approved_symbol	HGNC complete set
HGNC:32949	SMPD4	ENSG00000136699	SMPD4		SMPD4	approved	approved_symbol	HGNC complete set
HGNC:6993	MEF2A	ENSG00000068305	MEF2A		MEF2A	approved	approved_symbol	HGNC complete set
HGNC:10659	SDC2	ENSG00000169439	SDC2		SDC2	approved	approved_symbol	HGNC complete set
HGNC:30401	LEO1	ENSG00000166477	LEO1		LEO1	approved	approved_symbol	HGNC complete set
HGNC:10472	RUNX2	ENSG00000124813	RUNX2		RUNX2	approved	approved_symbol	HGNC complete set
HGNC:6774	SMAD9	ENSG00000120693	SMAD9		SMAD9	approved	approved_symbol	HGNC complete set
HGNC:6240	KCNE1	ENSG00000180509	KCNE1		KCNE1	approved	approved_symbol	HGNC complete set
HGNC:13345	LPIN1	ENSG00000134324	LPIN1		LPIN1	approved	approved_symbol	HGNC complete set
HGNC:7391	MSX1	ENSG00000163132	MSX1		MSX1	approved	approved_symbol	HGNC complete set
HGNC:5244	HSPA9	ENSG00000113013	HSPA9		HSPA9	approved	approved_symbol	HGNC complete set
HGNC:17582	KAT6B	ENSG00000156650	KAT6B		KAT6B	approved	approved_symbol	HGNC complete set
HGNC:18801	POGZ	ENSG00000143442	POGZ		POGZ	approved	approved_symbol	HGNC complete set
HGNC:9330	PQBP1	ENSG00000102103	PQBP1		PQBP1	approved	approved_symbol	HGNC complete set
HGNC:9719	PEX5	ENSG00000139197	PEX5		PEX5	approved	approved_symbol	HGNC complete set
HGNC:14361	IRX5	ENSG00000176842	IRX5		IRX5	approved	approved_symbol	HGNC complete set
HGNC:9835	RAI2	ENSG00000131831	RAI2		RAI2	approved	approved_symbol	HGNC complete set
HGNC:15840	KMT2B	ENSG00000272333	KMT2B		KMT2B	approved	approved_symbol	HGNC complete set
HGNC:30650	STRA6	ENSG00000137868	STRA6		STRA6	approved	approved_symbol	HGNC complete set
HGNC:6866	MAP4K4	ENSG00000071054	MAP4K4		MAP4K4	approved	approved_symbol	HGNC complete set
HGNC:7121	MKS1	ENSG00000011143	MKS1		MKS1	approved	approved_symbol	HGNC complete set
HGNC:9380	PRKACA	ENSG00000072062	PRKACA		PRKACA	approved	approved_symbol	HGNC complete set
HGNC:17575	SPEN	ENSG00000065526	SPEN		SPEN	approved	approved_symbol	HGNC complete set
HGNC:11104	SMARCC1	ENSG00000173473	SMARCC1		SMARCC1	approved	approved_symbol	HGNC complete set
HGNC:6886	MAPK9	ENSG00000050748	MAPK9		MAPK9	approved	approved_symbol	HGNC complete set
HGNC:7882	NOTCH2	ENSG00000134250	NOTCH2		NOTCH2	approved	approved_symbol	HGNC complete set
HGNC:9713	PEX19	ENSG00000162735	PEX19		PEX19	approved	approved_symbol	HGNC complete set
HGNC:5273	HSPG2	ENSG00000142798	HSPG2		HSPG2	approved	approved_symbol	HGNC complete set
HGNC:5724	RBPJ	ENSG00000168214	RBPJ		RBPJ	approved	approved_symbol	HGNC complete set
HGNC:7907	NPHP3	ENSG00000113971	NPHP3		NPHP3	approved	approved_symbol	HGNC complete set
HGNC:11466	SUPT3H	ENSG00000196284	SUPT3H		SUPT3H	approved	approved_symbol	HGNC complete set
HGNC:14881	ZEB2	ENSG00000169554	ZEB2		ZEB2	approved	approved_symbol	HGNC complete set
HGNC:8033	NTRK3	ENSG00000140538	NTRK3		NTRK3	approved	approved_symbol	HGNC complete set
HGNC:10440	RPS7	ENSG00000171863	RPS7		RPS7	approved	approved_symbol	HGNC complete set
HGNC:7553	MYC	ENSG00000136997	MYC		MYC	approved	approved_symbol	HGNC complete set
HGNC:10301	RPL11	ENSG00000142676	RPL11		RPL11	approved	approved_symbol	HGNC complete set
HGNC:6717	LTBP4	ENSG00000090006	LTBP4		LTBP4	approved	approved_symbol	HGNC complete set
HGNC:10723	SEMA3A	ENSG00000075213	SEMA3A		SEMA3A	approved	approved_symbol	HGNC complete set
HGNC:24961	HOPX	ENSG00000171476	HOPX		HOPX	approved	approved_symbol	HGNC complete set
HGNC:18340	WDR19	ENSG00000157796	WDR19		WDR19	approved	approved_symbol	HGNC complete set
HGNC:23096	SLC29A3	ENSG00000198246	SLC29A3		SLC29A3	approved	approved_symbol	HGNC complete set
HGNC:12989	ZMYM2	ENSG00000121741	ZMYM2		ZMYM2	approved	approved_symbol	HGNC complete set
HGNC:30551	TXNL4A	ENSG00000141759	TXNL4A		TXNL4A	approved	approved_symbol	HGNC complete set
HGNC:12766	NSD2	ENSG00000109685	NSD2		NSD2;WHSC1	alias collapsed	approved_symbol	HGNC complete set
HGNC:6913	MAX	ENSG00000125952	MAX		MAX	approved	approved_symbol	HGNC complete set
HGNC:7014	MEOX2	ENSG00000106511	MEOX2		MEOX2	approved	approved_symbol	HGNC complete set
HGNC:7001	MEIS2	ENSG00000134138	MEIS2		MEIS2	approved	approved_symbol	HGNC complete set
HGNC:25280	ODAD4	ENSG00000204815	ODAD4	TTC25	ODAD4;TTC25	approved;same_hgnc_rows_merged	approved_symbol;previous_symbol;same_hgnc_rows_merged	HGNC complete set
HGNC:9046	PLAGL1	ENSG00000118495	PLAGL1		PLAGL1	approved	approved_symbol	HGNC complete set
HGNC:20456	TRAF7	ENSG00000131653	TRAF7		TRAF7	approved	approved_symbol	HGNC complete set
HGNC:13726	KMT2C	ENSG00000055609	KMT2C		KMT2C	approved	approved_symbol	HGNC complete set
HGNC:8855	PEX13	ENSG00000162928	PEX13		PEX13	approved	approved_symbol	HGNC complete set
HGNC:10848	SHH	ENSG00000164690	SHH		SHH	approved	approved_symbol	HGNC complete set
HGNC:11187	SOS1	ENSG00000115904	SOS1		SOS1	approved	approved_symbol	HGNC complete set
HGNC:25763	SMG9	ENSG00000105771	SMG9		SMG9	approved	approved_symbol	HGNC complete set
HGNC:9381	PRKACB	ENSG00000142875	PRKACB		PRKACB	approved	approved_symbol	HGNC complete set
HGNC:9386	PRKAG2	ENSG00000106617	PRKAG2		PRKAG2	approved	approved_symbol	HGNC complete set
HGNC:5154	HPGD	ENSG00000164120	HPGD		HPGD	approved	approved_symbol	HGNC complete set
HGNC:29010	SETD1A	ENSG00000099381	SETD1A		SETD1A	approved	approved_symbol	HGNC complete set
HGNC:6481	LAMA1	ENSG00000101680	LAMA1		LAMA1	approved	approved_symbol	HGNC complete set
HGNC:18122	SOX17	ENSG00000164736	SOX17		SOX17	approved	approved_symbol	HGNC complete set
HGNC:22965	PEX26	ENSG00000215193	PEX26		PEX26	approved	approved_symbol	HGNC complete set
HGNC:28027	WDPCP	ENSG00000143951	WDPCP		WDPCP	approved	approved_symbol	HGNC complete set
HGNC:6469	KYNU	ENSG00000115919	KYNU		KYNU	approved	approved_symbol	HGNC complete set
HGNC:9644	PTPN11	ENSG00000179295	PTPN11		PTPN11	approved	approved_symbol	HGNC complete set
HGNC:5181	HRG	ENSG00000113905	HRG		HRG	approved	approved_symbol	HGNC complete set
HGNC:10477	RXRA	ENSG00000186350	RXRA		RXRA	approved	approved_symbol	HGNC complete set
HGNC:6347	KLF2	ENSG00000127528	KLF2		KLF2	approved	approved_symbol	HGNC complete set
HGNC:30497	KIF7	ENSG00000166813	KIF7		KIF7	approved	approved_symbol	HGNC complete set
HGNC:2488	NKX2-5	ENSG00000183072	NKX2-5		NKX2-5	approved	approved_symbol	HGNC complete set
HGNC:7809	NGFR	ENSG00000064300	NGFR		NGFR	approved	approved_symbol	HGNC complete set
HGNC:7559	MYCN	ENSG00000134323	MYCN		MYCN	approved	approved_symbol	HGNC complete set
HGNC:9388	PRKAR1A	ENSG00000108946	PRKAR1A		PRKAR1A	approved	approved_symbol	HGNC complete set
HGNC:12665	VCL	ENSG00000035403	VCL		VCL	approved	approved_symbol	HGNC complete set
HGNC:29659	MESP2	ENSG00000188095	MESP2		MESP2	approved	approved_symbol	HGNC complete set
HGNC:25583	ODAD2	ENSG00000169126	ODAD2	ARMC4	ARMC4	approved	previous_symbol	HGNC complete set
HGNC:6697	LRP5	ENSG00000162337	LRP5		LRP5	approved	approved_symbol	HGNC complete set
HGNC:15924	SALL4	ENSG00000101115	SALL4		SALL4	approved	approved_symbol	HGNC complete set
HGNC:8803	PDGFRA	ENSG00000134853	PDGFRA		PDGFRA	approved	approved_symbol	HGNC complete set
HGNC:15979	TP63	ENSG00000073282	TP63		TP63	approved	approved_symbol	HGNC complete set
HGNC:7568	MYH10	ENSG00000133026	MYH10		MYH10	approved	approved_symbol	HGNC complete set
HGNC:4451	GPC3	ENSG00000147257	GPC3		GPC3	approved	approved_symbol	HGNC complete set
HGNC:11470	SUPT6H	ENSG00000109111	SUPT6H		SUPT6H	approved	approved_symbol	HGNC complete set
HGNC:7392	MSX2	ENSG00000120149	MSX2		MSX2	approved	approved_symbol	HGNC complete set
HGNC:10397	RPS17	ENSG00000182774	RPS17		RPS17	approved	approved_symbol	HGNC complete set
HGNC:6742	LZTR1	ENSG00000099949	LZTR1		LZTR1	approved	approved_symbol	HGNC complete set
HGNC:9811	RAD21	ENSG00000164754	RAD21		RAD21	approved	approved_symbol	HGNC complete set
HGNC:14067	HDAC7	ENSG00000061273	HDAC7		HDAC7	approved	approved_symbol	HGNC complete set
HGNC:8858	PEX3	ENSG00000034693	PEX3		PEX3	approved	approved_symbol	HGNC complete set
HGNC:10023	RIT1	ENSG00000143622	RIT1		RIT1	approved	approved_symbol	HGNC complete set
HGNC:22962	MED13L	ENSG00000123066	MED13L		MED13L	approved	approved_symbol	HGNC complete set
HGNC:6773	SMAD7	ENSG00000101665	SMAD7		SMAD7	approved	approved_symbol	HGNC complete set
HGNC:11772	TGFBR1	ENSG00000106799	TGFBR1		TGFBR1	approved	approved_symbol	HGNC complete set
HGNC:951	NKX3-2	ENSG00000109705	NKX3-2		NKX3-2	approved	approved_symbol	HGNC complete set
HGNC:5321	HYAL2	ENSG00000068001	HYAL2		HYAL2	approved	approved_symbol	HGNC complete set
HGNC:7576	MYH6	ENSG00000197616	MYH6		MYH6	approved	approved_symbol	HGNC complete set
HGNC:5104	HOXA3	ENSG00000105997	HOXA3		HOXA3	approved	approved_symbol	HGNC complete set
HGNC:6263	KCNJ2	ENSG00000123700	KCNJ2		KCNJ2	approved	approved_symbol	HGNC complete set
HGNC:4807	HAND1	ENSG00000113196	HAND1		HAND1	approved	approved_symbol	HGNC complete set
HGNC:11117	SMN1	ENSG00000172062	SMN1		SMN1	approved	approved_symbol	HGNC complete set
HGNC:16259	MAML2	ENSG00000184384	MAML2		MAML2	approved	approved_symbol	HGNC complete set
HGNC:16808	UBR1	ENSG00000159459	UBR1		UBR1	approved	approved_symbol	HGNC complete set
HGNC:9949	RECQL4	ENSG00000160957	RECQL4		RECQL4	approved	approved_symbol	HGNC complete set
HGNC:11291	SRF	ENSG00000112658	SRF		SRF	approved	approved_symbol	HGNC complete set
HGNC:8918	PHEX	ENSG00000102174	PHEX		PHEX	approved	approved_symbol	HGNC complete set
HGNC:19412	ZMYND10	ENSG00000004838	ZMYND10		ZMYND10	approved	approved_symbol	HGNC complete set
HGNC:7183	MNDA	ENSG00000163563	MNDA		MNDA	approved	approved_symbol	HGNC complete set
HGNC:11183	SON	ENSG00000159140	SON		SON	approved	approved_symbol	HGNC complete set
HGNC:18179	VPS33A	ENSG00000139719	VPS33A		VPS33A	approved	approved_symbol	HGNC complete set
HGNC:30412	SETD7	ENSG00000145391	SETD7		SETD7	approved	approved_symbol	HGNC complete set
HGNC:18510	GPRC6A	ENSG00000173612	GPRC6A		GPRC6A	approved	approved_symbol	HGNC complete set
HGNC:11195	SOX2	ENSG00000181449	SOX2		SOX2	approved	approved_symbol	HGNC complete set
HGNC:9081	PLOD1	ENSG00000083444	PLOD1		PLOD1	approved	approved_symbol	HGNC complete set
HGNC:6132	ISL1	ENSG00000016082	ISL1		ISL1	approved	approved_symbol	HGNC complete set
HGNC:10896	SKI	ENSG00000157933	SKI		SKI	approved	approved_symbol	HGNC complete set
HGNC:9407	PRKD1	ENSG00000184304	PRKD1		PRKD1	approved	approved_symbol	HGNC complete set
HGNC:3122	LEFTY2	ENSG00000143768	LEFTY2		LEFTY2	approved	approved_symbol	HGNC complete set
HGNC:10727	SEMA3E	ENSG00000170381	SEMA3E		SEMA3E	approved	approved_symbol	HGNC complete set
HGNC:7985	NR6A1	ENSG00000148200	NR6A1		NR6A1	approved	approved_symbol	HGNC complete set
HGNC:28484	METTL16	ENSG00000127804	METTL16		METTL16	approved	approved_symbol	HGNC complete set
HGNC:29658	MESP1	ENSG00000166823	MESP1		MESP1	approved	approved_symbol	HGNC complete set
HGNC:9965	RERE	ENSG00000142599	RERE		RERE	approved	approved_symbol	HGNC complete set
HGNC:9067	PLD1	ENSG00000075651	PLD1		PLD1	approved	approved_symbol	HGNC complete set
HGNC:11957	MED12	ENSG00000184634	MED12		MED12	approved	approved_symbol	HGNC complete set
HGNC:9829	RAF1	ENSG00000132155	RAF1		RAF1	approved	approved_symbol	HGNC complete set
HGNC:9379	PRKAB2	ENSG00000131791	PRKAB2		PRKAB2	approved	approved_symbol	HGNC complete set
HGNC:29242	SH3PXD2B	ENSG00000174705	SH3PXD2B		SH3PXD2B	approved	approved_symbol	HGNC complete set
HGNC:13994	PRDM9	ENSG00000164256	PRDM9		PRDM9	approved	approved_symbol	HGNC complete set
HGNC:1181	MYRF	ENSG00000124920	MYRF		MYRF	approved	approved_symbol	HGNC complete set
HGNC:8004	NRP1	ENSG00000099250	NRP1		NRP1	approved	approved_symbol	HGNC complete set
HGNC:17722	SPRED2	ENSG00000198369	SPRED2		SPRED2	approved	approved_symbol	HGNC complete set
HGNC:4880	HEY1	ENSG00000164683	HEY1		HEY1	approved	approved_symbol	HGNC complete set
HGNC:11114	KDM5C	ENSG00000126012	KDM5C		KDM5C	approved	approved_symbol	HGNC complete set
HGNC:5099	HOXA1	ENSG00000105991	HOXA1		HOXA1	approved	approved_symbol	HGNC complete set
HGNC:4819	HAS2	ENSG00000170961	HAS2		HAS2	approved	approved_symbol	HGNC complete set
HGNC:5473	IGFBP4	ENSG00000141753	IGFBP4		IGFBP4	approved	approved_symbol	HGNC complete set
HGNC:8859	PEX6	ENSG00000124587	PEX6		PEX6	approved	approved_symbol	HGNC complete set
HGNC:30238	WLS	ENSG00000116729	WLS		WLS	approved	approved_symbol	HGNC complete set
HGNC:8061	NUMBL	ENSG00000105245	NUMBL		NUMBL	approved	approved_symbol	HGNC complete set
HGNC:16067	MYOCD	ENSG00000141052	MYOCD		MYOCD	approved	approved_symbol	HGNC complete set
HGNC:8651	PCBP3	ENSG00000183570	PCBP3		PCBP3	approved	approved_symbol	HGNC complete set
HGNC:8966	PIGL	ENSG00000108474	PIGL		PIGL	approved	approved_symbol	HGNC complete set
HGNC:15573	SETBP1	ENSG00000152217	SETBP1		SETBP1	approved	approved_symbol	HGNC complete set
HGNC:7778	NFATC4	ENSG00000100968	NFATC4		NFATC4	approved	approved_symbol	HGNC complete set
HGNC:9588	PTEN	ENSG00000171862	PTEN		PTEN	approved	approved_symbol	HGNC complete set
HGNC:12874	ZIC3	ENSG00000156925	ZIC3		ZIC3	approved	approved_symbol	HGNC complete set
HGNC:11604	TBX5	ENSG00000089225	TBX5		TBX5	approved	approved_symbol	HGNC complete set
HGNC:7133	KMT2D	ENSG00000167548	KMT2D		KMT2D	approved	approved_symbol	HGNC complete set
HGNC:6772	SMAD6	ENSG00000137834	SMAD6		SMAD6	approved	approved_symbol	HGNC complete set
HGNC:29262	IFT80	ENSG00000068885	IFT80		IFT80	approved	approved_symbol	HGNC complete set
HGNC:11773	TGFBR2	ENSG00000163513	TGFBR2		TGFBR2	approved	approved_symbol	HGNC complete set
HGNC:29239	INTU	ENSG00000164066	INTU		INTU	approved	approved_symbol	HGNC complete set
HGNC:16950	STAMBP	ENSG00000124356	STAMBP		STAMBP	approved	approved_symbol	HGNC complete set
HGNC:17075	TAB2	ENSG00000055208	TAB2		TAB2	approved	approved_symbol	HGNC complete set
HGNC:7551	MYBPC3	ENSG00000134571	MYBPC3		MYBPC3	approved	approved_symbol	HGNC complete set
HGNC:26558	HYLS1	ENSG00000198331	HYLS1		HYLS1	approved	approved_symbol	HGNC complete set
HGNC:30855	U2SURP	ENSG00000163714	U2SURP		U2SURP	approved	approved_symbol	HGNC complete set
HGNC:13556	IFT122	ENSG00000163913	IFT122		IFT122	approved	approved_symbol	HGNC complete set
HGNC:9273	PPL	ENSG00000118898	PPL		PPL	approved	approved_symbol	HGNC complete set
HGNC:6129	IRX4	ENSG00000113430	IRX4		IRX4	approved	approved_symbol	HGNC complete set
HGNC:10892	SIX6	ENSG00000184302	SIX6		SIX6	approved	approved_symbol	HGNC complete set
HGNC:16862	RAPGEF5	ENSG00000136237	RAPGEF5		RAPGEF5	approved	approved_symbol	HGNC complete set
HGNC:12697	VIT	ENSG00000205221	VIT		VIT	approved	approved_symbol	HGNC complete set
HGNC:7044	MGAT1	ENSG00000131446	MGAT1		MGAT1	approved	approved_symbol	HGNC complete set
HGNC:12712	VPS33B	ENSG00000184056	VPS33B		VPS33B	approved	approved_symbol	HGNC complete set
HGNC:25636	MCTP2	ENSG00000140563	MCTP2		MCTP2	approved	approved_symbol	HGNC complete set
HGNC:6770	SMAD4	ENSG00000141646	SMAD4		SMAD4	approved	approved_symbol	HGNC complete set
HGNC:14234	NSD1	ENSG00000165671	NSD1		NSD1	approved	approved_symbol	HGNC complete set
HGNC:7881	NOTCH1	ENSG00000148400	NOTCH1		NOTCH1	approved	approved_symbol	HGNC complete set
HGNC:7989	NRAS	ENSG00000213281	NRAS		NRAS	approved	approved_symbol	HGNC complete set
HGNC:7976	NR2F2	ENSG00000185551	NR2F2		NR2F2	approved	approved_symbol	HGNC complete set
HGNC:13444	SLC2A10	ENSG00000197496	SLC2A10		SLC2A10	approved	approved_symbol	HGNC complete set
HGNC:8111	OSR1	ENSG00000143867	OSR1		OSR1	approved	approved_symbol	HGNC complete set
HGNC:7060	MGP	ENSG00000111341	MGP		MGP	approved	approved_symbol	HGNC complete set
HGNC:19355	JMJD6	ENSG00000070495	JMJD6		JMJD6	approved	approved_symbol	HGNC complete set
HGNC:9864	RARA	ENSG00000131759	RARA		RARA	approved	approved_symbol	HGNC complete set
HGNC:25566	SETD5	ENSG00000168137	SETD5		SETD5	approved	approved_symbol	HGNC complete set
HGNC:4837	HCCS	ENSG00000004961	HCCS		HCCS	approved	approved_symbol	HGNC complete set
HGNC:9905	RBM8A	ENSG00000265241	RBM8A		RBM8A	approved	approved_symbol	HGNC complete set
HGNC:10414	RPS26	ENSG00000197728	RPS26		RPS26	approved	approved_symbol	HGNC complete set
HGNC:16840	MED20	ENSG00000124641	MED20		MED20	approved	approved_symbol	HGNC complete set
HGNC:12428	TWIST1	ENSG00000122691	TWIST1		TWIST1	approved	approved_symbol	HGNC complete set
HGNC:17623	NUB1	ENSG00000013374	NUB1		NUB1	approved	approved_symbol	HGNC complete set
HGNC:11109	SMARCE1	ENSG00000073584	SMARCE1		SMARCE1	approved	approved_symbol	HGNC complete set
HGNC:9350	PRDM6	ENSG00000061455	PRDM6		PRDM6	approved	approved_symbol	HGNC complete set
HGNC:6307	KDR	ENSG00000128052	KDR		KDR	approved	approved_symbol	HGNC complete set
HGNC:20087	TTC8	ENSG00000165533	TTC8		TTC8	approved	approved_symbol	HGNC complete set
HGNC:9886	KDM5A	ENSG00000073614	KDM5A		KDM5A	approved	approved_symbol	HGNC complete set
HGNC:4454	GPC6	ENSG00000183098	GPC6		GPC6	approved	approved_symbol	HGNC complete set
HGNC:6552	LEFTY1	ENSG00000243709	LEFTY1		LEFTY1	approved	approved_symbol	HGNC complete set
HGNC:15513	SMYD3	ENSG00000185420	SMYD3		SMYD3	approved	approved_symbol	HGNC complete set
HGNC:7997	NRG1	ENSG00000157168	NRG1		NRG1	approved	approved_symbol	HGNC complete set
HGNC:5474	IGFBP5	ENSG00000115461	IGFBP5		IGFBP5	approved	approved_symbol	HGNC complete set
HGNC:25599	INAVA	ENSG00000163362	INAVA		C1ORF106;INAVA	alias collapsed	approved_symbol	HGNC complete set
HGNC:24257	TMBIM4	ENSG00000155957	TMBIM4		TMBIM4	approved	approved_symbol	HGNC complete set
HGNC:12363	TSC2	ENSG00000103197	TSC2		TSC2	approved	approved_symbol	HGNC complete set
HGNC:11103	SMARCB1	ENSG00000099956	SMARCB1		SMARCB1	approved	approved_symbol	HGNC complete set
HGNC:25415	PPM1K	ENSG00000163644	PPM1K		PPM1K	approved	approved_symbol	HGNC complete set
HGNC:11108	SMARCD3	ENSG00000082014	SMARCD3		SMARCD3	approved	approved_symbol	HGNC complete set
HGNC:7569	MYH11	ENSG00000133392	MYH11		MYH11	approved	approved_symbol	HGNC complete set
HGNC:11843	TLL1	ENSG00000038295	TLL1		TLL1	approved	approved_symbol	HGNC complete set
HGNC:4796	HAAO	ENSG00000162882	HAAO		HAAO	approved	approved_symbol	HGNC complete set
HGNC:15517	XYLT2	ENSG00000015532	XYLT2		XYLT2	approved	approved_symbol	HGNC complete set
HGNC:5044	HNRNPK	ENSG00000165119	HNRNPK		HNRNPK	approved	approved_symbol	HGNC complete set
HGNC:17870	INVS	ENSG00000119509	INVS		INVS;NPHP2	alias collapsed	approved_symbol	HGNC complete set
HGNC:6715	LTBP2	ENSG00000119681	LTBP2		LTBP2	approved	approved_symbol	HGNC complete set
HGNC:21424	IFT74	ENSG00000096872	IFT74		IFT74	approved	approved_symbol	HGNC complete set
HGNC:9717	PEX2	ENSG00000164751	PEX2		PEX2	approved	approved_symbol	HGNC complete set
HGNC:2468	SMC3	ENSG00000108055	SMC3		SMC3	approved	approved_symbol	HGNC complete set
HGNC:31862	NOTCH2NLA	ENSG00000264343	NOTCH2NLA	NOTCH2NL	NOTCH2NL	approved	previous_symbol	HGNC complete set
HGNC:3332	MARK2	ENSG00000072518	MARK2		MARK2	approved	approved_symbol	HGNC complete set
HGNC:11200	SOX4	ENSG00000124766	SOX4		SOX4	approved	approved_symbol	HGNC complete set
HGNC:11598	TBX20	ENSG00000164532	TBX20		TBX20	approved	approved_symbol	HGNC complete set
HGNC:12525	UGDH	ENSG00000109814	UGDH		UGDH	approved	approved_symbol	HGNC complete set
HGNC:19762	ZFPM1	ENSG00000179588	ZFPM1		ZFPM1	approved	approved_symbol	HGNC complete set
HGNC:9586	PTCH2	ENSG00000117425	PTCH2		PTCH2	approved	approved_symbol	HGNC complete set
HGNC:3233	MEGF8	ENSG00000105429	MEGF8		MEGF8	approved	approved_symbol	HGNC complete set
HGNC:11768	TGFB2	ENSG00000092969	TGFB2		TGFB2	approved	approved_symbol	HGNC complete set
HGNC:5192	HES1	ENSG00000114315	HES1		HES1	approved	approved_symbol	HGNC complete set
HGNC:29384	ZNF528	ENSG00000167555	ZNF528		ZNF528	approved	approved_symbol	HGNC complete set
HGNC:23305	ZNF480	ENSG00000198464	ZNF480		ZNF480	approved	approved_symbol	HGNC complete set
HGNC:12782	WNT3	ENSG00000108379	WNT3		WNT3	approved	approved_symbol	HGNC complete set
HGNC:29504	ZACN	ENSG00000186919	ZACN		ZACN	approved	approved_symbol	HGNC complete set
HGNC:15983	WNT3A	ENSG00000154342	WNT3A		WNT3A	approved	approved_symbol	HGNC complete set
HGNC:26337	ZNF534	ENSG00000198633	ZNF534		ZNF534	approved	approved_symbol	HGNC complete set
HGNC:17894	ZNF638	ENSG00000075292	ZNF638		ZNF638	approved	approved_symbol	HGNC complete set
HGNC:12825	XPO1	ENSG00000082898	XPO1		XPO1	approved	approved_symbol	HGNC complete set
HGNC:26687	ZNF610	ENSG00000167554	ZNF610		ZNF610	approved	approved_symbol	HGNC complete set
HGNC:12309	ZNHIT3	ENSG00000273611	ZNHIT3		ZNHIT3	approved	approved_symbol	HGNC complete set
