hgnc_id	gene	chdgene_2026_08_10	griffin2023_table1_syndromic	griffin2023_table1_isolated	griffin2023_supp1_candidates	griffin2023_supp2_curated	griffin2023_supp3_denovo	griffin2023_supp4_lof	griffin2023_supp5_recessive	griffin2023_curated_not_final	sierant_dominant60	dong_recessive108	dong_observed_recessive23	gencc_clingen_submitter_2026_08_10	clingen_dosage_gene_2026_08_10
HGNC:60	ABCC9	0	1	0	1	1	0	0	0	0	0	0	0	1	0
HGNC:67	ABCD3	0	0	0	1	0	0	0	0	0	0	0	0	1	0
HGNC:76	ABL1	1	0	0	0	0	0	0	0	0	0	0	0	0	0
HGNC:29609	ACP6	0	0	0	1	0	0	0	0	0	0	0	0	0	0
HGNC:130	ACTA2	0	0	0	1	1	0	0	0	1	0	0	0	0	1
HGNC:132	ACTB	0	0	0	1	0	0	0	0	0	1	0	0	1	1
HGNC:143	ACTC1	1	0	0	1	1	0	0	0	1	0	0	0	1	1
HGNC:171	ACVR1	1	0	0	1	1	0	0	0	1	0	0	0	1	0
HGNC:174	ACVR2B	1	0	0	1	1	0	0	0	1	0	0	0	0	0
HGNC:175	ACVRL1	0	0	0	1	1	0	0	0	1	0	0	0	1	1
HGNC:18060	ARX	0	0	0	1	0	0	0	0	0	0	0	0	1	1
HGNC:195	ADAM17	0	0	0	1	1	0	0	0	1	0	0	0	1	0
HGNC:19088	ASH1L	0	0	0	1	0	0	0	0	0	0	0	0	1	1
HGNC:13201	ADAMTS10	1	1	0	1	1	0	0	0	0	0	1	0	0	0
HGNC:18318	ASXL1	0	0	0	1	0	0	0	0	0	0	0	0	1	1
HGNC:17111	ADAMTS19	1	0	0	0	0	0	0	0	0	0	0	0	0	0
HGNC:23805	ASXL2	0	0	0	1	0	0	0	0	0	0	0	0	1	1
HGNC:14631	ADAMTSL2	0	0	0	0	0	0	0	0	0	0	1	0	0	1
HGNC:782	ATE1	0	0	0	1	1	0	0	0	1	0	0	0	0	0
HGNC:15766	ADNP	0	0	0	1	0	0	0	0	0	0	0	0	1	1
HGNC:794	ATIC	0	0	0	1	0	0	0	0	0	0	1	1	0	0
HGNC:17869	AFF4	1	0	0	0	0	0	0	0	0	0	0	0	0	0
HGNC:800	ATP1A2	0	0	0	1	0	0	0	0	0	0	0	0	1	0
HGNC:24684	AGGF1	0	0	0	1	1	0	0	0	1	0	0	0	0	0
HGNC:819	ATP4A	0	0	0	1	0	0	0	0	0	0	0	0	0	0
HGNC:33784	AGMO	0	0	0	1	0	0	0	0	0	0	0	0	0	0
HGNC:820	ATP4B	0	0	0	1	0	0	0	0	0	0	0	0	0	0
HGNC:347	AHNAK	0	0	0	0	0	0	0	0	0	1	0	0	0	0
HGNC:851	ATP6V1A	0	0	0	0	0	0	0	0	0	0	1	0	1	0
HGNC:20437	AHSA2P	0	0	0	1	0	0	0	0	0	0	0	0	0	0
HGNC:886	ATRX	0	0	0	1	1	0	0	0	1	0	0	0	0	1
HGNC:402	ALDH1A1	0	0	0	1	0	0	0	0	0	0	0	0	0	0
HGNC:17978	B3GALT6	0	0	0	1	0	0	0	0	0	0	1	0	1	1
HGNC:15472	ALDH1A2	1	0	0	1	0	0	0	0	0	0	0	0	0	0
HGNC:923	B3GAT3	1	1	0	1	1	0	0	0	0	0	1	0	0	0
HGNC:449	ALX3	0	0	0	1	0	0	0	0	0	0	0	0	1	0
HGNC:20207	B3GLCT	0	1	0	1	1	0	0	0	0	0	1	0	1	0
HGNC:26837	AMER1	0	0	0	1	0	0	0	0	0	0	0	0	1	0
HGNC:966	BBS1	0	0	0	1	0	0	0	0	0	0	0	0	1	0
HGNC:17811	AMOTL1	1	0	0	0	0	0	0	0	0	0	0	0	0	0
HGNC:26291	BBS10	0	0	0	1	1	0	0	0	1	0	0	0	1	0
HGNC:24077	ANAPC10	0	0	0	1	0	0	0	0	0	0	0	0	0	0
HGNC:26648	BBS12	0	0	0	1	1	0	0	0	1	0	0	0	1	1
HGNC:484	ANGPT1	0	0	0	1	0	0	0	0	0	0	0	0	1	0
HGNC:967	BBS2	0	1	0	1	1	0	0	0	0	0	1	0	1	0
HGNC:15819	ANKRD1	0	0	0	1	0	0	0	0	0	0	0	0	1	0
HGNC:969	BBS4	0	0	0	1	0	0	0	0	0	0	0	0	0	0
HGNC:21316	ANKRD11	1	0	0	1	1	0	0	0	1	1	0	0	0	1
HGNC:970	BBS5	0	0	0	1	0	0	0	0	0	0	0	0	1	1
HGNC:26724	ANKS6	0	0	0	1	0	0	0	0	0	0	1	0	0	1
HGNC:18758	BBS7	0	0	0	1	0	0	0	0	0	0	0	0	1	1
HGNC:605	APOBEC2	0	0	0	1	0	0	0	0	0	0	0	0	0	0
HGNC:30000	BBS9	0	0	0	1	0	0	0	0	0	0	0	0	1	0
HGNC:29216	ARHGAP31	0	0	0	1	1	0	0	0	1	0	0	0	0	1
HGNC:13221	BCL11A	0	0	0	1	0	0	0	0	0	0	0	0	1	1
HGNC:11110	ARID1A	1	0	0	1	1	0	0	0	1	0	0	0	1	1
HGNC:1001	BCL6	0	0	0	1	0	0	0	0	0	0	0	0	0	0
HGNC:18040	ARID1B	1	1	0	1	1	1	0	0	0	0	0	0	1	1
HGNC:1008	BCL9	0	0	0	1	1	0	0	0	1	0	0	0	0	0
HGNC:25419	ARL13B	0	0	0	1	0	0	0	0	0	0	0	0	0	0
HGNC:20893	BCOR	1	1	0	1	1	0	0	0	0	0	0	0	1	1
HGNC:13210	ARL6	0	0	0	1	0	0	0	0	0	0	0	0	0	1
HGNC:19351	BICC1	0	0	0	1	0	0	0	0	0	0	0	0	1	0
HGNC:1067	BMP1	0	0	0	1	0	0	0	0	0	0	0	0	0	0
HGNC:20869	BMP10	0	0	0	1	1	0	0	0	1	0	0	0	1	0
HGNC:1069	BMP2	1	0	0	1	1	0	0	0	1	0	0	0	0	0
HGNC:1071	BMP4	0	0	0	1	1	0	0	0	1	0	0	0	1	1
HGNC:1072	BMP5	0	0	0	1	0	0	0	0	0	0	0	0	0	0
HGNC:1073	BMP6	0	0	0	1	0	0	0	0	0	0	0	0	1	0
HGNC:1074	BMP7	0	0	0	1	0	0	0	0	0	0	0	0	0	0
HGNC:1076	BMPR1A	0	0	0	1	1	0	0	0	1	0	0	0	1	1
HGNC:1077	BMPR1B	0	0	0	1	0	0	0	0	0	0	0	0	1	0
HGNC:18292	CFC1	1	0	0	1	1	0	0	0	1	0	0	0	0	1
HGNC:1078	BMPR2	1	0	0	1	1	0	0	0	1	0	0	0	1	1
HGNC:33983	CFC1B	0	0	0	1	0	0	0	0	0	0	0	0	0	0
HGNC:1097	BRAF	1	1	0	1	1	1	0	0	0	1	0	0	1	1
HGNC:1916	CHD1L	0	0	0	1	0	0	0	0	0	0	0	0	1	1
HGNC:1121	BTC	0	0	0	1	0	0	0	0	0	0	0	0	0	0
HGNC:1919	CHD4	1	1	0	1	1	1	0	0	0	1	0	0	1	1
HGNC:1149	BUB1B	0	0	0	1	0	0	0	0	0	0	0	0	1	1
HGNC:20626	CHD7	1	1	0	1	1	1	1	0	0	1	0	0	1	1
HGNC:24564	C2CD3	0	0	0	1	0	0	0	0	0	0	1	0	0	0
HGNC:20153	CHD8	0	0	0	1	0	0	0	0	0	0	0	0	1	1
HGNC:1388	CACNA1A	0	0	0	0	0	0	0	0	0	1	0	0	0	1
HGNC:13544	CHRAC1	0	0	0	1	0	0	0	0	0	0	0	0	0	0
HGNC:1390	CACNA1C	0	0	0	1	1	0	0	0	1	0	0	0	1	1
HGNC:1949	CHRD	0	0	0	1	1	0	0	0	1	0	0	0	0	0
HGNC:1541	CBL	0	0	0	1	1	0	0	0	1	0	0	0	0	1
HGNC:24464	CHST14	1	0	0	0	0	0	0	0	0	0	1	0	1	0
HGNC:29426	CCBE1	0	0	0	1	0	0	0	0	0	0	0	0	0	1
HGNC:1971	CHST3	0	0	0	1	0	0	0	0	0	0	1	0	0	0
HGNC:28033	CCDC174	0	0	0	0	0	0	0	0	0	0	1	0	0	0
HGNC:53647	CIROP	1	0	0	0	0	0	0	0	0	0	0	0	0	0
HGNC:28909	CCDC22	1	0	0	0	0	0	0	0	0	0	0	0	0	0
HGNC:1987	CITED2	1	0	1	1	1	0	0	0	0	0	0	0	1	1
HGNC:25244	CCDC39	0	1	0	1	1	0	0	0	0	0	1	1	1	1
HGNC:2049	CLDN7	0	0	0	1	0	0	0	0	0	0	0	0	0	0
HGNC:26090	CCDC40	0	1	0	1	1	0	0	0	0	0	1	0	1	1
HGNC:29094	CLUH	0	0	0	0	0	0	0	0	0	1	0	0	0	0
HGNC:28434	CCNQ	0	0	0	1	0	0	0	0	0	0	0	0	0	1
HGNC:2096	CLUL1	0	0	0	1	0	0	0	0	0	0	0	0	0	0
HGNC:1617	CCT4	0	0	0	1	0	0	0	0	0	0	0	0	0	0
HGNC:2195	COL18A1	0	0	0	1	0	0	0	0	0	0	0	0	1	0
HGNC:16892	CD96	0	0	0	1	0	0	0	0	0	0	0	0	0	0
HGNC:2197	COL1A1	0	0	0	1	0	0	0	0	0	0	0	0	1	1
HGNC:16783	CDC73	0	0	0	1	0	0	0	0	0	0	0	0	1	1
HGNC:2198	COL1A2	0	0	0	1	0	0	0	0	0	0	1	1	1	1
HGNC:1759	CDH2	0	0	0	1	1	0	0	0	1	0	0	0	1	0
HGNC:2200	COL2A1	0	0	0	1	0	0	0	0	0	0	0	0	1	1
HGNC:1733	CDK13	1	1	0	1	1	1	0	0	0	1	0	0	1	1
HGNC:2201	COL3A1	0	0	0	1	0	0	0	0	0	0	0	0	1	1
HGNC:1786	CDKN1C	0	0	0	1	1	0	0	0	1	0	0	0	1	1
HGNC:2209	COL5A1	0	0	0	1	1	0	0	0	1	0	0	0	1	1
HGNC:29021	CEP290	0	0	0	1	0	0	0	0	0	0	0	0	0	1
HGNC:2210	COL5A2	0	0	0	1	0	0	0	0	0	0	0	0	1	1
HGNC:12370	CEP41	0	0	0	1	0	0	0	0	0	0	0	0	1	0
HGNC:2211	COL6A1	0	0	0	1	1	0	0	0	1	0	0	0	1	0
HGNC:30794	CEP57	0	0	0	1	1	0	0	0	1	0	1	0	1	0
HGNC:2212	COL6A2	0	0	0	1	1	0	0	0	1	0	0	0	1	0
HGNC:1862	CER1	0	0	0	1	0	0	0	0	0	0	0	0	0	0
HGNC:2291	COX7B	0	0	0	1	0	0	0	0	0	0	0	0	1	0
HGNC:1301	CFAP298	0	0	0	1	0	0	0	0	0	0	1	0	1	0
HGNC:25801	CPLANE1	0	0	0	1	1	0	0	0	1	0	0	0	0	1
HGNC:26530	CFAP53	1	0	0	1	1	0	0	0	1	0	1	0	0	1
HGNC:2348	CREBBP	1	1	0	1	1	1	0	0	0	0	0	0	0	1
HGNC:14630	CRELD1	1	0	1	1	1	0	0	0	0	0	0	0	1	0
HGNC:2356	CRHBP	0	0	0	1	0	0	0	0	0	0	0	0	0	0
HGNC:11701	CRIPTO	0	0	0	1	1	0	0	0	1	0	0	0	0	0
HGNC:2363	CRKL	0	0	0	1	1	0	0	0	1	0	0	0	1	1
HGNC:2383	CRX	0	0	0	1	0	0	0	0	0	0	0	0	0	0
HGNC:2469	CSRP1	0	0	0	1	0	0	0	0	0	0	0	0	1	0
HGNC:2511	CTNNA3	0	0	0	1	1	0	0	0	1	0	0	0	1	1
HGNC:2514	CTNNB1	1	0	0	0	0	0	0	0	0	1	0	0	1	1
HGNC:2515	CTNND1	1	0	0	0	0	0	0	0	0	0	0	0	1	0
HGNC:2953	DNAH9	1	0	0	0	0	0	0	0	0	0	1	1	0	0
HGNC:2516	CTNND2	0	0	0	1	1	0	0	0	1	0	0	0	0	1
HGNC:2954	DNAI1	0	1	0	1	1	0	0	0	0	0	1	0	1	1
HGNC:16850	CTR9	0	0	0	1	0	0	0	0	0	0	0	0	1	0
HGNC:18744	DNAI2	0	0	0	1	1	0	0	0	1	0	1	1	1	1
HGNC:28005	CTU2	0	0	0	0	0	0	0	0	0	0	1	1	0	0
HGNC:23247	DNAL1	0	0	0	1	1	0	0	0	1	0	1	0	1	0
HGNC:2553	CUL3	1	0	0	1	0	0	0	0	0	1	0	0	1	1
HGNC:19189	DOCK6	1	1	0	1	1	0	0	0	0	0	1	0	1	0
HGNC:26780	DAND5	0	0	0	1	1	0	0	0	1	0	0	0	0	0
HGNC:28662	DOHH	1	0	0	0	0	0	0	0	0	0	0	0	0	0
HGNC:2676	DAPK3	0	0	0	1	0	0	0	0	0	0	0	0	0	0
HGNC:23406	DOLK	0	0	0	1	0	0	0	0	0	0	0	0	0	0
HGNC:13681	DCHS1	0	0	0	1	1	0	0	0	1	0	0	0	1	1
HGNC:3005	DPM1	0	0	0	1	0	0	0	0	0	0	0	0	0	1
HGNC:2736	DDX11	0	0	0	1	1	0	0	0	1	0	1	0	1	0
HGNC:19200	DPPA4	0	0	0	1	0	0	0	0	0	0	0	0	0	0
HGNC:2745	DDX3X	0	0	0	0	0	0	0	0	0	1	0	0	1	1
HGNC:21144	DSE	0	0	0	0	0	0	0	0	0	0	1	0	1	1
HGNC:2845	DGCR2	0	0	0	1	0	0	0	0	0	0	0	0	0	0
HGNC:3057	DTNA	0	0	0	1	1	0	0	0	1	0	0	0	1	0
HGNC:2859	DHCR24	0	0	0	1	1	0	0	0	1	0	0	0	1	0
HGNC:2962	DYNC2H1	0	0	0	1	1	0	0	0	1	0	1	1	1	1
HGNC:2860	DHCR7	0	1	0	1	1	0	0	0	0	0	1	0	0	1
HGNC:21862	DYNC2I1	0	0	0	1	0	0	0	0	0	0	0	0	0	0
HGNC:2904	DLG5	1	0	0	0	0	0	0	0	0	0	0	0	0	0
HGNC:24595	DYNC2LI1	0	0	0	0	0	0	0	0	0	0	1	0	0	0
HGNC:2909	DLL3	0	0	0	1	0	0	0	0	0	0	0	0	0	0
HGNC:20908	DZIP1	0	0	0	1	0	0	0	0	0	0	0	0	0	0
HGNC:2910	DLL4	1	1	0	1	1	1	0	0	0	0	0	0	0	0
HGNC:3146	ECE1	0	0	0	1	1	0	0	0	1	0	0	0	0	0
HGNC:2935	DMRT2	0	0	0	1	0	0	0	0	0	0	0	0	0	1
HGNC:13275	ECE2	0	0	0	1	0	0	0	0	0	0	0	0	0	0
HGNC:30539	DNAAF1	0	1	0	1	1	0	0	0	0	0	1	1	0	1
HGNC:3176	EDN1	0	0	0	1	0	0	0	0	0	0	0	0	1	0
HGNC:16725	DNAAF11	0	0	0	1	0	0	0	0	0	0	1	0	0	0
HGNC:3179	EDNRA	0	0	0	1	0	0	0	0	0	0	0	0	0	0
HGNC:32700	DNAAF19	0	0	0	1	1	0	0	0	1	0	1	0	0	0
HGNC:3188	EED	0	0	0	1	1	0	0	0	1	0	0	0	1	0
HGNC:20188	DNAAF2	0	0	0	1	1	0	0	0	1	0	1	0	1	0
HGNC:3227	EFNB2	0	0	0	1	1	0	0	0	1	0	0	0	1	0
HGNC:30492	DNAAF3	0	0	0	1	1	0	0	0	1	0	1	0	1	0
HGNC:30858	EFTUD2	1	1	0	1	1	0	0	0	0	0	0	0	0	1
HGNC:21493	DNAAF4	0	0	0	1	1	0	0	0	1	0	1	0	1	0
HGNC:3236	EGFR	0	0	0	1	1	0	0	0	1	0	0	0	1	1
HGNC:26013	DNAAF5	0	0	0	1	1	0	0	0	1	0	1	0	0	0
HGNC:24650	EHMT1	1	1	0	1	1	0	0	0	0	0	0	0	0	1
HGNC:28570	DNAAF6	0	0	0	1	0	0	0	0	0	0	0	0	0	0
HGNC:3327	ELN	1	1	0	1	1	1	1	0	0	0	0	0	1	1
HGNC:2942	DNAH11	1	0	0	1	1	0	0	0	1	0	1	1	1	1
HGNC:3349	ENG	0	0	0	1	1	0	0	0	1	0	0	0	1	1
HGNC:2950	DNAH5	1	1	0	1	1	0	0	1	0	0	1	1	1	1
HGNC:28526	EOGT	0	1	0	1	1	0	0	0	0	0	0	0	1	0
HGNC:3373	EP300	1	1	0	1	1	1	0	0	0	1	0	0	1	1
HGNC:3393	EPHB2	0	0	0	1	0	0	0	0	0	0	0	0	0	0
HGNC:3415	EPO	0	0	0	1	0	0	0	0	0	0	0	0	0	0
HGNC:3416	EPOR	0	0	0	1	0	0	0	0	0	0	0	0	0	0
HGNC:27230	ESCO2	1	1	0	1	1	0	0	0	0	0	1	0	0	1
HGNC:3488	ETS1	0	0	1	1	1	1	1	0	0	0	0	0	1	0
HGNC:3489	ETS2	0	0	0	1	0	0	0	0	0	0	0	0	0	0
HGNC:3497	EVC	1	1	0	1	1	0	0	0	0	0	1	1	1	0
HGNC:19747	EVC2	1	1	0	1	1	0	0	0	0	0	1	0	1	1
HGNC:3791	FOLR1	0	0	0	1	0	0	0	0	0	0	0	0	1	1
HGNC:3519	EYA1	0	0	0	1	1	0	0	0	1	0	0	0	1	1
HGNC:5022	FOXA2	0	0	0	1	1	0	0	0	1	0	0	0	1	0
HGNC:3526	EZH1	0	0	0	1	0	0	0	0	0	0	0	0	0	0
HGNC:3800	FOXC1	1	1	0	1	1	0	0	0	0	0	0	0	1	1
HGNC:3582	FANCA	0	0	0	1	0	0	0	0	0	0	0	0	1	1
HGNC:3801	FOXC2	1	1	0	1	1	1	0	0	0	1	0	0	1	1
HGNC:3583	FANCB	0	0	0	1	1	0	0	0	1	0	0	0	1	1
HGNC:3809	FOXF1	0	1	0	1	1	0	0	0	0	0	0	0	0	1
HGNC:3584	FANCC	0	0	0	1	0	0	0	0	0	0	0	0	0	1
HGNC:3814	FOXH1	1	0	0	1	1	0	0	0	1	0	0	0	1	0
HGNC:3585	FANCD2	0	0	0	1	0	0	0	0	0	0	0	0	1	1
HGNC:3817	FOXL1	0	0	0	1	1	0	0	0	1	0	0	0	1	0
HGNC:3586	FANCE	0	0	0	1	0	0	0	0	0	0	0	0	0	1
HGNC:1092	FOXL2	0	0	0	1	1	0	0	0	1	0	0	0	0	1
HGNC:3587	FANCF	0	0	0	1	0	0	0	0	0	0	0	0	0	1
HGNC:3823	FOXP1	1	0	0	1	1	0	0	0	1	0	0	0	1	1
HGNC:3588	FANCG	0	0	0	1	0	0	0	0	0	0	0	0	1	1
HGNC:20842	FOXP4	0	0	0	1	0	0	0	0	0	0	0	0	0	0
HGNC:25568	FANCI	0	0	0	1	1	0	0	0	1	0	0	0	1	1
HGNC:29127	FRYL	1	0	0	0	0	0	0	0	0	0	0	0	0	0
HGNC:20748	FANCL	0	0	0	1	1	0	0	0	1	0	0	0	1	1
HGNC:24678	FTO	0	0	0	1	0	0	0	0	0	0	1	0	0	0
HGNC:23168	FANCM	0	0	0	1	0	0	0	0	0	0	0	0	1	1
HGNC:8568	FURIN	0	0	0	1	0	0	0	0	0	0	0	0	0	0
HGNC:3601	FBLN2	0	0	0	1	1	0	0	0	1	0	0	0	0	0
HGNC:24861	G6PC3	0	1	0	1	1	0	0	0	0	0	1	0	1	1
HGNC:3603	FBN1	1	0	0	1	1	0	0	0	1	0	0	0	1	1
HGNC:27949	GADL1	0	0	0	1	0	0	0	0	0	0	0	0	0	0
HGNC:3604	FBN2	0	0	0	1	1	0	0	0	1	0	0	0	1	1
HGNC:4122	GALNS	0	0	0	0	0	0	0	0	0	0	1	0	1	1
HGNC:3663	FGD1	0	0	0	1	1	0	0	0	1	0	0	0	1	1
HGNC:19875	GALNT11	0	0	0	1	1	0	0	0	1	0	0	0	0	0
HGNC:3686	FGF8	0	0	0	1	0	0	0	0	0	0	0	0	1	0
HGNC:4138	GANAB	0	0	0	0	0	0	0	0	0	1	0	0	1	1
HGNC:3688	FGFR1	0	0	0	1	1	0	0	0	1	0	0	0	1	1
HGNC:4173	GATA4	1	0	1	1	1	1	0	0	0	1	0	0	1	1
HGNC:3689	FGFR2	1	0	0	1	1	0	0	0	1	0	0	0	1	0
HGNC:15802	GATA5	1	0	1	1	1	0	0	0	0	0	0	0	0	0
HGNC:16873	FIG4	0	0	0	1	0	0	0	0	0	0	1	0	1	0
HGNC:4174	GATA6	1	0	1	1	1	1	0	0	0	1	0	0	1	1
HGNC:3622	FKTN	0	0	0	1	0	0	0	0	0	0	0	0	0	0
HGNC:4214	GDF1	1	1	0	1	1	1	0	1	0	0	1	1	0	0
HGNC:3754	FLNA	1	0	0	1	1	0	0	0	1	0	0	0	1	1
HGNC:4274	GJA1	1	0	0	1	1	0	0	0	1	0	1	0	1	1
HGNC:3755	FLNB	0	0	0	1	0	0	0	0	0	0	0	0	1	1
HGNC:4279	GJA5	0	0	0	1	1	0	0	0	1	0	0	0	0	1
HGNC:3767	FLT4	1	0	1	1	1	1	1	0	0	1	0	0	1	0
HGNC:4281	GJA8	0	0	0	1	0	0	0	0	0	0	0	0	0	1
HGNC:3773	FMO5	0	0	0	1	1	0	0	0	1	0	0	0	1	0
HGNC:19155	GJA9	0	0	0	1	0	0	0	0	0	0	0	0	0	0
HGNC:3775	FMR1	0	0	0	1	1	0	0	0	1	0	0	0	1	1
HGNC:4280	GJC1	0	0	0	1	0	0	0	0	0	0	0	0	0	0
HGNC:4319	GLI3	1	0	0	1	0	0	0	0	0	0	0	0	1	1
HGNC:10524	SALL1	1	1	0	1	1	1	0	0	0	0	0	0	1	1
HGNC:18541	KMT2E	0	0	0	1	0	0	0	0	0	0	0	0	0	1
HGNC:5466	IGF2	1	0	0	0	0	0	0	0	0	0	0	0	0	1
HGNC:11188	SOS2	0	0	0	1	1	0	0	0	1	0	0	0	0	1
HGNC:24750	ZNF699	1	0	0	0	0	0	0	0	0	0	0	0	0	0
HGNC:12682	VEGFC	0	0	0	1	0	0	0	0	0	0	0	0	0	0
HGNC:10249	ROBO1	1	0	0	0	0	0	0	0	0	0	0	0	1	1
HGNC:9896	RBM10	0	1	0	1	1	0	0	0	0	0	0	0	0	0
HGNC:11714	TEAD1	0	0	0	1	0	0	0	0	0	0	0	0	0	0
HGNC:7820	NHS	0	0	0	1	1	0	0	0	1	0	0	0	1	1
HGNC:8632	PBX1	1	1	0	1	1	0	0	0	0	0	0	0	1	1
HGNC:24663	RABGAP1L	0	0	0	0	0	0	0	0	0	1	0	0	0	0
HGNC:7577	MYH7	1	0	0	1	1	0	0	0	1	0	0	0	1	1
HGNC:10725	SEMA3C	0	0	0	1	0	0	0	0	0	0	0	0	0	0
HGNC:8923	PHGDH	0	0	0	1	0	0	0	0	0	0	0	0	1	0
HGNC:9008	PKD1	0	1	0	1	1	1	0	0	0	0	0	0	1	1
HGNC:26560	ODAD1	0	0	0	1	1	0	0	0	1	0	1	0	0	0
HGNC:29250	WDR35	0	0	0	1	0	0	0	0	0	0	1	0	1	1
HGNC:13672	KLF13	0	0	0	1	1	0	0	0	1	0	0	0	1	0
HGNC:6996	MEF2C	0	0	0	1	1	0	0	0	1	0	0	0	1	1
HGNC:6594	LHX2	0	0	0	0	0	0	0	0	0	1	0	0	1	0
HGNC:16461	WBP11	1	0	0	0	0	0	0	0	0	0	0	0	0	0
HGNC:24565	KANSL1	1	1	0	1	1	1	0	0	0	0	0	0	1	1
HGNC:12310	TRIP4	0	0	0	0	0	0	0	0	0	0	1	0	0	1
HGNC:6859	MAP3K7	1	0	0	0	0	0	0	0	0	0	0	0	0	0
HGNC:28229	LLPH	0	0	0	1	0	0	0	0	0	0	0	0	0	0
HGNC:6415	KRT13	0	0	0	0	0	0	0	0	0	1	0	0	0	0
HGNC:11592	TBX1	1	0	0	1	1	0	0	0	1	1	0	0	0	1
HGNC:16700	ZFPM2	1	0	0	1	1	0	0	0	1	0	0	0	0	1
HGNC:21558	RSPH4A	0	0	0	1	0	0	0	0	0	0	0	0	1	1
HGNC:11632	TCF21	0	0	0	1	1	0	0	0	1	0	0	0	1	0
HGNC:11602	TBX3	1	0	0	1	1	0	0	0	1	0	0	0	1	1
HGNC:7777	NFATC3	0	0	0	1	0	0	0	0	0	0	0	0	0	0
HGNC:6768	SMAD2	1	0	1	1	1	1	0	0	0	1	0	0	1	1
HGNC:13398	NSDHL	0	0	0	1	1	0	0	0	1	0	0	0	1	1
HGNC:8851	PEX10	0	0	0	1	0	0	0	0	0	0	0	0	1	0
HGNC:10593	SCN5A	0	0	0	1	1	0	0	0	1	0	0	0	1	1
HGNC:6889	MAPKAPK5	1	0	0	0	0	0	0	0	0	0	0	0	0	0
HGNC:6518	LBR	0	0	0	1	0	0	0	0	0	0	0	0	1	1
HGNC:7739	NEFL	0	0	0	1	0	0	0	0	0	0	0	0	1	1
HGNC:12362	TSC1	0	0	0	1	0	0	0	0	0	1	0	0	0	1
HGNC:7132	KMT2A	1	0	0	1	1	0	0	0	1	0	0	0	1	1
HGNC:11595	TBX18	0	0	0	0	0	0	0	0	0	1	0	0	0	0
HGNC:7765	NF1	1	1	0	1	1	0	0	0	0	0	0	0	1	1
HGNC:10252	ROCK2	0	0	0	1	1	0	0	0	1	0	0	0	1	0
HGNC:34016	RNU4ATAC	0	0	0	1	0	0	0	0	0	0	0	0	1	0
HGNC:4808	HAND2	1	0	1	1	1	0	0	0	0	0	0	0	1	0
HGNC:10432	RPS6KA3	0	0	0	1	1	0	0	0	1	0	0	0	0	1
HGNC:20064	USP44	0	0	0	1	0	0	0	0	0	0	0	0	0	0
HGNC:25430	LRRC56	0	0	0	0	0	0	0	0	0	0	1	0	1	0
HGNC:14982	PAPOLG	0	0	0	1	0	0	0	0	0	0	0	0	0	0
HGNC:11559	TALDO1	0	0	0	0	0	0	0	0	0	0	1	0	0	0
HGNC:6694	LRP2	0	0	0	1	0	0	0	0	0	0	1	0	1	1
HGNC:6188	JAG1	1	1	0	1	1	0	0	0	0	1	0	0	0	1
HGNC:13013	KAT6A	1	1	0	1	1	1	0	0	0	0	0	0	1	1
HGNC:6871	MAPK1	1	0	0	0	0	0	0	0	0	0	0	0	0	0
HGNC:20074	PAN2	1	0	0	0	0	0	0	0	0	0	0	0	1	0
HGNC:3182	PHC1	0	0	0	1	0	0	0	0	0	0	0	0	0	1
HGNC:16867	RNF40	0	0	0	1	1	0	0	0	1	0	0	0	0	0
HGNC:11119	SMO	1	0	0	0	0	0	0	0	0	0	0	0	1	0
HGNC:8967	PIGN	0	0	0	0	0	0	0	0	0	0	1	1	1	1
HGNC:11123	SMS	0	0	0	1	0	0	0	0	0	0	0	0	1	1
HGNC:17264	POLR1A	1	0	0	0	0	0	0	0	0	0	0	0	0	0
HGNC:7095	MID1	0	0	0	1	1	0	0	0	1	0	0	0	1	1
HGNC:11204	SOX9	0	0	0	1	1	0	0	0	1	0	0	0	1	1
HGNC:11834	TKT	0	0	0	0	0	0	0	0	0	0	1	0	0	0
HGNC:7871	NONO	1	0	0	0	0	0	0	0	0	0	0	0	1	1
HGNC:6767	SMAD1	0	0	0	1	1	0	0	0	1	0	0	0	1	0
HGNC:12663	VCAM1	0	0	0	1	0	0	0	0	0	0	0	0	0	0
HGNC:5173	HRAS	1	1	0	1	1	0	0	0	0	0	0	0	1	1
HGNC:12637	KDM6A	1	1	0	1	1	0	0	0	0	0	0	0	0	1
HGNC:26031	PIGV	1	0	0	0	0	0	0	0	0	0	0	0	1	0
HGNC:3059	HBEGF	0	0	0	1	0	0	0	0	0	0	0	0	0	0
HGNC:7618	PPP1R12A	0	0	0	0	0	0	0	0	0	1	0	0	0	0
HGNC:7108	MKKS	0	1	0	1	1	0	0	0	0	0	1	0	0	1
HGNC:7776	NFATC2	0	0	0	1	1	0	0	0	1	0	0	0	1	0
HGNC:10402	RPS19	0	1	0	1	1	0	0	0	0	0	0	0	1	1
HGNC:13610	KDM2B	1	0	0	0	0	0	0	0	0	0	0	0	0	0
HGNC:4881	HEY2	0	0	0	1	1	0	0	0	1	0	0	0	0	0
HGNC:8023	NTF3	0	0	0	1	0	0	0	0	0	0	0	0	0	0
HGNC:32940	NKX2-6	1	0	0	1	1	0	0	0	1	0	1	0	1	0
HGNC:9834	RAI1	0	1	0	1	1	0	1	0	0	0	0	0	1	1
HGNC:17859	NUP188	1	0	0	1	1	0	0	0	1	0	0	0	1	0
HGNC:8747	PCSK5	0	0	0	1	1	0	0	0	1	0	0	0	1	0
HGNC:9954	REL	0	0	0	1	0	0	0	0	0	0	0	0	1	0
HGNC:11743	TFAP2B	1	1	0	1	1	0	0	0	0	0	0	0	0	1
HGNC:5956	IHH	0	0	0	1	0	0	0	0	0	0	0	0	0	0
HGNC:10383	RPS10	0	0	0	1	1	0	0	0	1	0	0	0	1	1
HGNC:10771	SF3B4	1	0	0	1	1	0	0	0	1	0	0	0	1	1
HGNC:9459	PROX1	0	0	0	1	1	0	0	0	1	0	0	0	1	0
HGNC:6407	KRAS	1	1	0	1	1	0	0	0	0	0	0	0	1	1
HGNC:8617	PAX3	0	0	0	1	1	0	0	0	1	0	0	0	1	1
HGNC:11174	SNX3	0	0	0	1	0	0	0	0	0	0	0	0	0	0
HGNC:5361	ID2	0	0	0	1	1	0	0	0	1	0	0	0	0	0
HGNC:16791	TSEN15	0	0	0	1	0	0	0	0	0	0	0	0	0	0
HGNC:30892	HUWE1	0	0	0	1	1	0	0	0	1	0	0	0	0	1
HGNC:30782	NAA15	1	0	0	0	0	0	0	0	0	1	0	0	0	1
HGNC:30367	S100Z	0	0	0	1	0	0	0	0	0	0	0	0	0	0
HGNC:13469	TNFRSF21	0	0	0	1	0	0	0	0	0	0	0	0	0	0
HGNC:12757	WDR5	0	0	0	1	1	0	0	0	1	0	0	0	1	0
HGNC:28984	WASHC5	1	0	0	0	0	0	0	0	0	0	1	0	0	0
HGNC:20344	UBR7	1	0	0	0	0	0	0	0	0	0	0	0	0	0
HGNC:9005	PITX2	1	0	0	1	1	0	0	0	1	0	0	0	1	1
HGNC:25459	PAF1	0	0	0	1	0	0	0	0	0	0	0	0	0	0
HGNC:7010	MEN1	0	0	0	1	0	0	0	0	0	0	0	0	0	1
HGNC:6294	KCNQ1	0	0	0	1	0	0	0	0	0	0	0	0	1	1
HGNC:24283	KMT5B	0	0	0	1	0	0	0	0	0	0	0	0	0	1
HGNC:2464	VCAN	0	0	0	1	0	0	0	0	0	0	0	0	0	0
HGNC:10345	RPL35A	0	0	0	1	1	0	0	0	1	0	0	0	0	0
HGNC:17045	NKD1	0	0	0	1	0	0	0	0	0	0	0	0	0	0
HGNC:11100	SMARCA4	1	1	0	1	1	0	1	0	0	0	0	0	1	1
HGNC:9107	PLXND1	1	0	0	0	0	0	0	0	0	0	0	0	0	0
HGNC:9009	PKD2	0	0	0	1	1	0	0	0	1	0	0	0	1	1
HGNC:28887	LEMD3	0	0	0	1	0	0	0	0	0	0	0	0	0	1
HGNC:18196	SOX7	0	0	0	1	1	0	0	0	1	0	0	0	1	0
HGNC:29832	NADSYN1	1	0	0	0	0	0	0	0	0	0	1	1	0	0
HGNC:2567	OFD1	0	1	0	1	1	0	0	0	0	0	0	0	1	1
HGNC:28369	THOC6	1	0	0	0	0	0	0	0	0	0	1	0	1	0
HGNC:7865	NODAL	1	1	0	1	1	0	1	0	0	1	0	0	1	1
HGNC:18053	PKD1L1	1	0	0	1	0	0	0	0	0	0	1	1	0	0
HGNC:14068	HDAC5	0	0	0	1	0	0	0	0	0	0	0	0	0	0
HGNC:29187	SETD1B	0	0	0	1	0	0	0	0	0	0	0	0	0	1
HGNC:28862	NIPBL	1	1	0	1	1	0	0	0	0	0	0	0	1	1
HGNC:11212	SPAG1	0	0	0	1	0	0	0	0	0	0	1	0	1	0
HGNC:23396	PHYHD1	0	0	0	1	0	0	0	0	0	0	0	0	0	0
HGNC:7745	NEK2	0	0	0	1	1	0	0	0	1	0	0	0	0	0
HGNC:10411	RPS24	0	0	0	1	1	0	0	0	1	0	0	0	1	1
HGNC:14065	HDAC9	0	0	0	1	0	0	0	0	0	0	0	0	1	0
HGNC:11654	TCOF1	0	0	0	1	1	0	0	0	1	0	0	0	1	1
HGNC:4061	SLC37A4	1	0	0	0	0	0	0	0	0	0	0	0	0	1
HGNC:7045	MGAT2	0	0	0	1	0	0	0	0	0	0	0	0	1	0
HGNC:15454	SHOC2	1	1	0	1	1	0	0	0	0	0	0	0	1	1
HGNC:6769	SMAD3	1	1	0	1	1	0	0	0	0	0	0	0	0	1
HGNC:25660	TTC21B	0	0	0	1	0	0	0	0	0	0	0	0	0	1
HGNC:6771	SMAD5	0	0	0	1	0	0	0	0	0	0	0	0	0	0
HGNC:11408	STK4	1	0	0	0	0	0	0	0	0	0	0	0	0	0
HGNC:7775	NFATC1	0	0	1	1	1	0	0	0	0	0	0	0	0	0
HGNC:9314	PPP3CA	0	0	0	1	0	0	0	0	0	0	0	0	1	0
HGNC:20066	USP34	0	0	0	1	1	0	0	0	1	0	0	0	0	0
HGNC:7884	NOTCH4	0	0	0	1	0	0	0	0	0	0	0	0	0	0
HGNC:6184	ITSN2	0	0	0	0	0	0	0	0	0	1	0	0	0	0
HGNC:11111	SMC1A	1	0	0	1	1	0	0	0	1	0	0	0	0	1
HGNC:20324	TGDS	0	0	0	0	0	0	0	0	0	0	1	0	1	0
HGNC:4852	HDAC1	0	0	0	1	1	0	0	0	1	0	0	0	1	0
HGNC:29168	RPGRIP1L	0	0	0	1	1	0	0	0	1	0	0	0	1	0
HGNC:12767	NSD3	0	0	0	1	0	0	0	0	0	0	0	0	0	0
HGNC:13315	HDAC8	1	0	0	0	0	0	0	0	0	0	0	0	1	1
HGNC:6840	MAP2K1	1	1	0	1	1	0	0	0	0	0	0	0	1	1
HGNC:10257	ROR2	0	1	0	1	1	0	0	0	0	0	0	0	0	1
HGNC:28983	TMEM94	1	0	0	0	0	0	0	0	0	0	1	0	1	1
HGNC:9906	RBFOX2	1	0	0	1	1	0	0	0	1	1	0	0	1	0
HGNC:29077	IFT140	0	0	0	1	1	0	0	0	1	0	0	0	0	1
HGNC:9983	RFX2	0	0	0	1	0	0	0	0	0	0	0	0	0	0
HGNC:7744	NEK1	0	0	0	1	0	0	0	0	0	0	1	0	1	1
HGNC:28303	ODAD3	0	0	0	1	0	0	0	0	0	0	1	0	0	0
HGNC:8850	PEX1	0	0	0	1	0	0	0	0	0	0	0	0	1	1
HGNC:6636	LMNA	0	0	0	1	0	0	0	0	0	0	0	0	1	1
HGNC:19104	NPHP4	1	0	0	1	1	0	0	0	1	0	1	1	1	1
HGNC:15882	PCMTD2	0	0	0	1	0	0	0	0	0	0	0	0	0	0
HGNC:14357	MMP21	1	0	0	0	0	0	0	0	0	0	1	1	0	0
HGNC:13387	NEK8	0	1	0	1	1	0	0	0	0	0	1	0	1	0
HGNC:24149	HES4	0	0	0	1	0	0	0	0	0	0	0	0	0	0
HGNC:7883	NOTCH3	0	0	0	1	0	0	0	0	0	0	0	0	1	0
HGNC:16380	TRIM32	0	0	0	1	0	0	0	0	0	0	0	0	1	1
HGNC:21595	SESN1	0	0	0	1	0	0	0	0	0	0	0	0	0	0
HGNC:14263	RAB23	1	1	0	1	1	0	0	0	0	0	1	0	0	0
HGNC:10062	RNF20	0	0	0	1	0	0	0	0	0	0	0	0	0	0
HGNC:29079	KDM1A	0	0	0	1	0	0	0	0	0	0	0	0	1	0
HGNC:8854	PEX12	0	0	0	1	0	0	0	0	0	0	0	0	1	0
HGNC:12784	WNT5A	0	0	0	1	1	0	0	0	1	0	0	0	1	0
HGNC:8569	PCSK6	0	0	0	1	1	0	0	0	1	0	0	0	1	0
HGNC:11469	SUPT5H	0	0	0	1	0	0	0	0	0	0	0	0	0	0
HGNC:20185	TMEM260	1	0	0	0	0	0	0	0	0	0	1	0	0	0
HGNC:21057	RSPH9	0	0	0	1	0	0	0	0	0	0	0	0	1	0
HGNC:18039	KDM5B	0	0	0	1	0	0	0	0	0	1	0	0	0	1
HGNC:12680	VEGFA	0	0	0	1	1	0	0	0	1	0	0	0	1	1
HGNC:16473	NME8	0	0	0	1	1	0	0	0	1	0	1	0	1	0
HGNC:7939	NPPA	0	0	0	1	0	0	0	0	0	0	0	0	1	0
HGNC:6716	LTBP3	0	0	0	0	0	0	0	0	0	0	1	0	0	0
HGNC:10360	RPL5	0	1	0	1	1	1	1	0	0	1	0	0	1	1
HGNC:15985	SVEP1	0	0	0	0	0	0	0	0	0	1	0	0	0	0
HGNC:6842	MAP2K2	1	1	0	1	1	0	0	0	0	0	0	0	1	1
HGNC:9397	ZMYND8	1	0	0	0	0	0	0	0	0	0	0	0	1	0
HGNC:11128	SNAI1	0	0	0	1	1	0	0	0	1	0	0	0	0	0
HGNC:32949	SMPD4	1	0	0	0	0	0	0	0	0	0	1	0	0	0
HGNC:6993	MEF2A	0	0	0	1	0	0	0	0	0	0	0	0	0	0
HGNC:10659	SDC2	0	0	0	1	0	0	0	0	0	0	0	0	0	0
HGNC:30401	LEO1	0	0	0	1	0	0	0	0	0	0	0	0	0	1
HGNC:10472	RUNX2	0	0	0	1	0	0	0	0	0	0	0	0	0	0
HGNC:6774	SMAD9	0	0	0	1	0	0	0	0	0	0	0	0	0	0
HGNC:6240	KCNE1	0	0	0	1	0	0	0	0	0	0	0	0	0	0
HGNC:13345	LPIN1	0	0	0	1	0	0	0	0	0	0	0	0	0	0
HGNC:7391	MSX1	0	0	0	1	1	0	0	0	1	0	0	0	1	1
HGNC:5244	HSPA9	1	0	0	0	0	0	0	0	0	0	0	0	0	0
HGNC:17582	KAT6B	1	1	0	1	1	1	1	0	0	0	0	0	1	1
HGNC:18801	POGZ	0	0	0	0	0	0	0	0	0	1	0	0	0	1
HGNC:9330	PQBP1	0	0	0	1	1	0	0	0	1	0	0	0	0	1
HGNC:9719	PEX5	0	0	0	1	0	0	0	0	0	0	0	0	0	0
HGNC:14361	IRX5	0	0	0	1	1	0	0	0	1	0	1	0	1	0
HGNC:9835	RAI2	0	0	0	1	1	0	0	0	1	0	0	0	1	0
HGNC:15840	KMT2B	0	0	0	1	0	0	0	0	0	0	0	0	1	1
HGNC:30650	STRA6	1	1	0	1	1	0	0	0	0	0	1	0	0	0
HGNC:6866	MAP4K4	1	0	0	0	0	0	0	0	0	0	0	0	0	0
HGNC:7121	MKS1	0	0	0	1	1	0	0	0	1	0	1	0	1	1
HGNC:9380	PRKACA	1	0	0	0	0	0	0	0	0	0	0	0	0	0
HGNC:17575	SPEN	1	0	0	0	0	0	0	0	0	0	0	0	1	1
HGNC:11104	SMARCC1	0	0	0	0	0	0	0	0	0	1	0	0	1	0
HGNC:6886	MAPK9	0	0	0	1	0	0	0	0	0	0	0	0	0	0
HGNC:7882	NOTCH2	1	0	0	1	1	0	0	0	1	0	0	0	1	1
HGNC:9713	PEX19	0	0	0	1	0	0	0	0	0	0	0	0	0	0
HGNC:5273	HSPG2	0	0	0	1	1	0	0	0	1	0	0	0	1	1
HGNC:5724	RBPJ	0	0	0	1	1	0	0	0	1	0	0	0	0	0
HGNC:7907	NPHP3	1	1	0	1	1	0	0	0	0	0	1	1	0	0
HGNC:11466	SUPT3H	0	0	0	1	0	0	0	0	0	0	0	0	0	0
HGNC:14881	ZEB2	1	1	0	1	1	1	0	0	0	1	0	0	1	1
HGNC:8033	NTRK3	0	0	0	1	1	0	0	0	1	0	0	0	1	0
HGNC:10440	RPS7	0	0	0	1	1	0	0	0	1	0	0	0	0	1
HGNC:7553	MYC	0	0	0	1	0	0	0	0	0	0	0	0	0	0
HGNC:10301	RPL11	0	0	0	1	1	0	0	0	1	0	0	0	0	0
HGNC:6717	LTBP4	0	0	0	1	0	0	0	0	0	0	1	0	0	0
HGNC:10723	SEMA3A	1	0	0	1	1	0	0	0	1	0	0	0	0	1
HGNC:24961	HOPX	0	0	0	1	0	0	0	0	0	0	0	0	0	0
HGNC:18340	WDR19	0	0	0	1	0	0	0	0	0	0	0	0	1	0
HGNC:23096	SLC29A3	0	0	0	1	1	0	0	0	1	0	0	0	1	0
HGNC:12989	ZMYM2	1	0	0	0	0	0	0	0	0	0	0	0	1	0
HGNC:30551	TXNL4A	1	0	0	0	0	0	0	0	0	0	1	0	0	0
HGNC:12766	NSD2	0	0	0	1	1	0	0	0	1	0	0	0	1	1
HGNC:6913	MAX	0	0	0	1	0	0	0	0	0	0	0	0	1	1
HGNC:7014	MEOX2	0	0	0	1	0	0	0	0	0	0	0	0	0	0
HGNC:7001	MEIS2	1	0	1	1	1	1	0	0	0	0	0	0	0	1
HGNC:25280	ODAD4	1	0	0	1	0	0	0	0	0	0	1	0	1	0
HGNC:9046	PLAGL1	0	0	0	1	1	0	0	0	1	0	0	0	0	1
HGNC:20456	TRAF7	1	0	0	0	0	0	0	0	0	0	0	0	1	1
HGNC:13726	KMT2C	0	0	0	1	1	0	0	0	1	0	0	0	1	1
HGNC:8855	PEX13	0	0	0	1	0	0	0	0	0	0	0	0	0	0
HGNC:10848	SHH	0	0	0	1	1	0	0	0	1	0	0	0	0	1
HGNC:11187	SOS1	1	1	0	1	1	1	0	0	0	1	0	0	1	1
HGNC:25763	SMG9	1	0	0	0	0	0	0	0	0	0	1	0	0	0
HGNC:9381	PRKACB	1	0	0	0	0	0	0	0	0	0	0	0	0	0
HGNC:9386	PRKAG2	0	0	0	1	1	0	0	0	1	0	0	0	1	1
HGNC:5154	HPGD	0	0	0	0	0	0	0	0	0	0	1	0	0	1
HGNC:29010	SETD1A	0	0	0	1	0	0	0	0	0	0	0	0	0	1
HGNC:6481	LAMA1	0	0	0	1	0	0	0	0	0	0	0	0	0	1
HGNC:18122	SOX17	0	0	0	1	1	0	0	0	1	0	0	0	1	0
HGNC:22965	PEX26	0	0	0	1	0	0	0	0	0	0	0	0	1	1
HGNC:28027	WDPCP	0	0	0	0	0	0	0	0	0	0	1	0	1	1
HGNC:6469	KYNU	1	0	0	0	0	0	0	0	0	0	1	1	1	0
HGNC:9644	PTPN11	1	1	0	1	1	1	0	0	0	1	0	0	1	1
HGNC:5181	HRG	0	0	0	1	0	0	0	0	0	0	0	0	1	0
HGNC:10477	RXRA	0	0	0	1	1	0	0	0	1	0	0	0	0	0
HGNC:6347	KLF2	0	0	0	0	0	0	0	0	0	1	0	0	0	0
HGNC:30497	KIF7	0	0	0	1	0	0	0	0	0	0	1	0	0	1
HGNC:2488	NKX2-5	1	0	1	1	1	0	1	0	0	1	0	0	1	1
HGNC:7809	NGFR	0	0	0	0	0	0	0	0	0	1	0	0	0	0
HGNC:7559	MYCN	0	0	0	1	1	0	0	0	1	0	0	0	1	1
HGNC:9388	PRKAR1A	0	0	0	1	1	0	0	0	1	0	0	0	0	1
HGNC:12665	VCL	0	0	0	1	1	0	0	0	1	0	0	0	1	0
HGNC:29659	MESP2	0	0	0	1	0	0	0	0	0	0	0	0	0	0
HGNC:25583	ODAD2	0	0	0	1	0	0	0	0	0	0	1	1	0	0
HGNC:6697	LRP5	0	0	0	1	0	0	0	0	0	0	0	0	0	1
HGNC:15924	SALL4	1	0	0	1	1	0	0	0	1	0	0	0	0	1
HGNC:8803	PDGFRA	0	0	0	1	1	0	0	0	1	0	1	0	1	1
HGNC:15979	TP63	0	0	0	1	0	0	0	0	0	0	0	0	1	1
HGNC:7568	MYH10	0	0	0	1	0	0	0	0	0	0	0	0	1	1
HGNC:4451	GPC3	1	0	0	1	1	0	0	0	1	0	0	0	1	1
HGNC:11470	SUPT6H	0	0	0	1	0	0	0	0	0	0	0	0	0	0
HGNC:7392	MSX2	0	0	0	1	1	0	0	0	1	0	0	0	1	1
HGNC:10397	RPS17	0	0	0	1	1	0	0	0	1	0	0	0	0	1
HGNC:6742	LZTR1	1	0	0	0	0	0	0	0	0	1	1	1	1	0
HGNC:9811	RAD21	1	0	0	1	1	0	0	0	1	0	0	0	1	1
HGNC:14067	HDAC7	0	0	0	0	0	0	0	0	0	1	0	0	0	0
HGNC:8858	PEX3	0	0	0	1	0	0	0	0	0	0	0	0	0	1
HGNC:10023	RIT1	1	1	0	1	1	1	0	0	0	1	0	0	1	1
HGNC:22962	MED13L	1	0	0	1	1	0	0	0	1	0	0	0	1	1
HGNC:6773	SMAD7	0	0	0	1	1	0	0	0	1	0	0	0	1	0
HGNC:11772	TGFBR1	1	1	0	1	1	0	0	0	0	0	0	0	1	1
HGNC:951	NKX3-2	0	0	0	1	0	0	0	0	0	0	0	0	0	1
HGNC:5321	HYAL2	1	0	0	0	0	0	0	0	0	0	0	0	0	0
HGNC:7576	MYH6	1	0	1	1	1	1	0	0	0	1	1	1	1	0
HGNC:5104	HOXA3	0	0	0	1	0	0	0	0	0	0	0	0	0	0
HGNC:6263	KCNJ2	0	0	0	1	1	0	0	0	1	0	0	0	1	0
HGNC:4807	HAND1	1	0	1	1	1	0	0	0	0	0	0	0	1	0
HGNC:11117	SMN1	0	0	0	0	0	0	0	0	0	0	1	0	0	0
HGNC:16259	MAML2	0	0	0	1	1	0	0	0	1	0	0	0	1	0
HGNC:16808	UBR1	1	1	0	1	1	0	0	0	0	0	0	0	1	1
HGNC:9949	RECQL4	0	1	0	1	1	0	0	0	0	0	0	0	0	0
HGNC:11291	SRF	0	0	0	1	0	0	0	0	0	0	0	0	1	0
HGNC:8918	PHEX	0	0	0	1	0	0	0	0	0	0	0	0	0	1
HGNC:19412	ZMYND10	1	0	0	1	0	0	0	0	0	0	1	0	1	0
HGNC:7183	MNDA	0	0	0	1	0	0	0	0	0	0	0	0	0	0
HGNC:11183	SON	1	1	0	1	1	0	0	0	0	0	0	0	0	1
HGNC:18179	VPS33A	0	0	0	0	0	0	0	0	0	0	1	0	1	0
HGNC:30412	SETD7	0	0	0	1	0	0	0	0	0	0	0	0	0	0
HGNC:18510	GPRC6A	0	0	0	1	0	0	0	0	0	0	0	0	0	0
HGNC:11195	SOX2	0	0	0	1	0	0	0	0	0	0	0	0	0	1
HGNC:9081	PLOD1	0	0	0	1	0	0	0	0	0	0	0	0	0	1
HGNC:6132	ISL1	0	0	0	1	1	0	0	0	1	0	0	0	1	0
HGNC:10896	SKI	0	0	0	1	1	0	0	0	1	0	0	0	1	1
HGNC:9407	PRKD1	1	0	0	1	1	0	0	0	1	0	0	0	1	1
HGNC:3122	LEFTY2	0	0	0	1	1	0	0	0	1	0	0	0	0	0
HGNC:10727	SEMA3E	0	0	0	1	1	0	0	0	1	0	0	0	0	0
HGNC:7985	NR6A1	0	0	0	0	0	0	0	0	0	1	0	0	0	0
HGNC:28484	METTL16	0	0	0	1	0	0	0	0	0	0	0	0	0	0
HGNC:29658	MESP1	1	0	0	1	1	0	0	0	1	0	0	0	1	0
HGNC:9965	RERE	1	0	0	0	0	0	0	0	0	0	0	0	0	1
HGNC:9067	PLD1	1	0	0	0	0	0	0	0	0	0	1	1	0	0
HGNC:11957	MED12	1	0	0	1	0	0	0	0	0	0	0	0	0	1
HGNC:9829	RAF1	1	1	0	1	1	1	0	0	0	1	0	0	1	1
HGNC:9379	PRKAB2	0	0	0	1	1	0	0	0	1	0	0	0	1	0
HGNC:29242	SH3PXD2B	0	0	0	1	1	0	0	0	1	0	1	0	0	0
HGNC:13994	PRDM9	0	0	0	1	0	0	0	0	0	0	0	0	0	0
HGNC:1181	MYRF	0	0	0	0	0	0	0	0	0	1	0	0	0	0
HGNC:8004	NRP1	0	0	0	1	1	0	0	0	1	0	0	0	1	0
HGNC:17722	SPRED2	1	0	0	0	0	0	0	0	0	0	0	0	0	0
HGNC:4880	HEY1	0	0	0	1	1	0	0	0	1	0	0	0	1	0
HGNC:11114	KDM5C	0	0	0	1	0	0	0	0	0	0	0	0	0	1
HGNC:5099	HOXA1	0	1	0	1	1	0	0	0	0	0	1	0	0	0
HGNC:4819	HAS2	0	0	0	1	1	0	0	0	1	0	0	0	0	0
HGNC:5473	IGFBP4	0	0	0	1	0	0	0	0	0	0	0	0	0	0
HGNC:8859	PEX6	0	0	0	1	0	0	0	0	0	0	0	0	1	0
HGNC:30238	WLS	1	0	0	0	0	0	0	0	0	0	0	0	0	0
HGNC:8061	NUMBL	0	0	0	1	0	0	0	0	0	0	0	0	0	0
HGNC:16067	MYOCD	0	0	0	1	0	0	0	0	0	0	0	0	0	0
HGNC:8651	PCBP3	0	0	0	0	0	0	0	0	0	1	0	0	0	0
HGNC:8966	PIGL	1	0	0	0	0	0	0	0	0	0	1	0	0	0
HGNC:15573	SETBP1	0	0	0	1	0	0	0	0	0	0	0	0	1	1
HGNC:7778	NFATC4	0	0	0	1	0	0	0	0	0	0	0	0	0	0
HGNC:9588	PTEN	0	0	0	1	1	0	0	0	1	1	0	0	1	1
HGNC:12874	ZIC3	1	1	0	1	1	0	0	0	0	1	0	0	1	1
HGNC:11604	TBX5	1	1	0	1	1	1	1	0	0	1	0	0	1	1
HGNC:7133	KMT2D	1	1	0	1	1	1	1	0	0	1	0	0	1	1
HGNC:6772	SMAD6	1	0	1	1	1	0	1	0	0	1	0	0	1	0
HGNC:29262	IFT80	0	0	0	1	0	0	0	0	0	0	0	0	1	0
HGNC:11773	TGFBR2	1	1	0	1	1	1	1	0	0	0	0	0	1	1
HGNC:29239	INTU	0	0	0	0	0	0	0	0	0	0	1	0	1	0
HGNC:16950	STAMBP	0	0	0	1	0	0	0	0	0	0	0	0	0	0
HGNC:17075	TAB2	1	0	1	1	1	0	0	0	0	0	0	0	1	1
HGNC:7551	MYBPC3	1	0	0	1	1	0	0	0	1	0	0	0	1	1
HGNC:26558	HYLS1	0	0	0	0	0	0	0	0	0	0	1	0	0	1
HGNC:30855	U2SURP	0	0	0	0	0	0	0	0	0	1	0	0	0	0
HGNC:13556	IFT122	0	0	0	1	1	0	0	0	1	0	0	0	1	0
HGNC:9273	PPL	0	0	0	0	0	0	0	0	0	1	0	0	0	0
HGNC:6129	IRX4	0	0	0	1	1	0	0	0	1	0	0	0	0	0
HGNC:10892	SIX6	0	0	0	1	0	0	0	0	0	0	0	0	0	1
HGNC:16862	RAPGEF5	0	0	0	1	0	0	0	0	0	0	0	0	0	0
HGNC:12697	VIT	0	0	0	1	0	0	0	0	0	0	0	0	0	0
HGNC:7044	MGAT1	0	0	0	1	0	0	0	0	0	0	0	0	0	0
HGNC:12712	VPS33B	0	0	0	1	1	0	0	0	1	0	0	0	1	0
HGNC:25636	MCTP2	0	0	0	1	1	0	0	0	1	0	0	0	0	0
HGNC:6770	SMAD4	1	1	0	1	1	1	0	0	0	0	0	0	1	1
HGNC:14234	NSD1	1	1	0	1	1	1	0	0	0	1	0	0	0	1
HGNC:7881	NOTCH1	1	1	0	1	1	1	1	0	0	1	0	0	0	1
HGNC:7989	NRAS	1	1	0	1	1	0	0	0	0	0	0	0	1	1
HGNC:7976	NR2F2	1	0	1	1	1	0	0	0	0	0	0	0	0	1
HGNC:13444	SLC2A10	0	0	0	1	0	0	0	0	0	0	0	0	0	1
HGNC:8111	OSR1	0	0	0	1	1	0	0	0	1	0	0	0	0	0
HGNC:7060	MGP	0	0	0	1	1	0	0	0	1	0	1	0	1	1
HGNC:19355	JMJD6	0	0	0	1	0	0	0	0	0	0	0	0	0	0
HGNC:9864	RARA	0	0	0	1	0	0	0	0	0	0	0	0	0	0
HGNC:25566	SETD5	1	0	0	0	0	0	0	0	0	0	0	0	1	1
HGNC:4837	HCCS	0	0	0	1	1	0	0	0	1	0	0	0	0	1
HGNC:9905	RBM8A	0	0	0	1	1	0	0	0	1	0	1	0	1	0
HGNC:10414	RPS26	0	0	0	1	1	0	0	0	1	0	0	0	0	1
HGNC:16840	MED20	0	0	0	1	0	0	0	0	0	0	0	0	0	0
HGNC:12428	TWIST1	0	0	0	1	1	0	0	0	1	0	0	0	1	1
HGNC:17623	NUB1	0	0	0	1	0	0	0	0	0	0	0	0	0	0
HGNC:11109	SMARCE1	1	0	0	1	1	0	0	0	1	0	0	0	1	1
HGNC:9350	PRDM6	1	0	0	1	1	0	0	0	1	0	0	0	0	1
HGNC:6307	KDR	1	0	0	0	0	0	0	0	0	1	0	0	0	0
HGNC:20087	TTC8	0	0	0	1	0	0	0	0	0	0	0	0	0	1
HGNC:9886	KDM5A	0	0	0	1	1	0	0	0	1	0	0	0	1	0
HGNC:4454	GPC6	0	0	0	1	1	0	0	0	1	0	1	0	0	1
HGNC:6552	LEFTY1	0	0	0	1	0	0	0	0	0	0	0	0	0	0
HGNC:15513	SMYD3	0	0	0	1	0	0	0	0	0	0	0	0	0	0
HGNC:7997	NRG1	0	0	0	1	0	0	0	0	0	0	0	0	0	0
HGNC:5474	IGFBP5	0	0	0	1	0	0	0	0	0	0	0	0	0	0
HGNC:25599	INAVA	0	0	0	1	0	0	0	0	0	0	0	0	0	0
HGNC:24257	TMBIM4	0	0	0	1	0	0	0	0	0	0	0	0	0	0
HGNC:12363	TSC2	0	0	0	1	0	0	0	0	0	0	0	0	0	1
HGNC:11103	SMARCB1	1	0	0	1	1	0	0	0	1	0	0	0	1	1
HGNC:25415	PPM1K	0	0	0	1	0	0	0	0	0	0	0	0	1	0
HGNC:11108	SMARCD3	0	0	0	1	0	0	0	0	0	0	0	0	0	0
HGNC:7569	MYH11	1	0	0	1	1	0	0	0	1	0	0	0	1	1
HGNC:11843	TLL1	1	0	0	1	1	0	0	0	1	0	0	0	1	0
HGNC:4796	HAAO	1	0	0	0	0	0	0	0	0	0	1	0	1	0
HGNC:15517	XYLT2	0	0	0	0	0	0	0	0	0	0	1	0	0	0
HGNC:5044	HNRNPK	1	0	0	0	0	0	0	0	0	0	0	0	1	1
HGNC:17870	INVS	1	0	0	1	1	0	0	0	1	0	1	0	1	0
HGNC:6715	LTBP2	1	0	0	0	0	0	0	0	0	0	0	0	0	0
HGNC:21424	IFT74	1	0	0	0	0	0	0	0	0	0	0	0	0	0
HGNC:9717	PEX2	0	0	0	1	0	0	0	0	0	0	1	0	0	0
HGNC:2468	SMC3	1	0	0	1	1	0	0	0	1	0	0	0	1	1
HGNC:31862	NOTCH2NLA	0	0	0	1	0	0	0	0	0	0	0	0	0	0
HGNC:3332	MARK2	0	0	0	1	0	0	0	0	0	0	0	0	0	0
HGNC:11200	SOX4	0	0	0	1	1	0	0	0	1	0	0	0	0	0
HGNC:11598	TBX20	1	0	1	1	1	0	0	0	0	0	0	0	1	1
HGNC:12525	UGDH	0	0	0	1	1	0	0	0	1	0	0	0	0	0
HGNC:19762	ZFPM1	0	0	0	1	1	0	0	0	1	0	0	0	1	0
HGNC:9586	PTCH2	0	0	0	1	0	0	0	0	0	0	0	0	1	0
HGNC:3233	MEGF8	0	0	0	1	1	0	0	0	1	0	1	0	0	0
HGNC:11768	TGFB2	0	0	0	1	1	0	0	0	1	0	0	0	1	0
HGNC:5192	HES1	0	0	0	1	0	0	0	0	0	0	0	0	0	0
HGNC:29384	ZNF528	0	0	0	1	0	0	0	0	0	0	0	0	0	0
HGNC:23305	ZNF480	0	0	0	1	0	0	0	0	0	0	0	0	0	0
HGNC:12782	WNT3	0	0	0	1	0	0	0	0	0	0	0	0	0	0
HGNC:29504	ZACN	0	0	0	1	0	0	0	0	0	0	0	0	0	0
HGNC:15983	WNT3A	0	0	0	1	0	0	0	0	0	0	0	0	0	0
HGNC:26337	ZNF534	0	0	0	1	0	0	0	0	0	0	0	0	0	0
HGNC:17894	ZNF638	0	0	0	1	0	0	0	0	0	0	0	0	0	0
HGNC:12825	XPO1	0	0	0	1	0	0	0	0	0	0	0	0	0	0
HGNC:26687	ZNF610	0	0	0	1	0	0	0	0	0	0	0	0	0	0
HGNC:12309	ZNHIT3	0	0	0	1	0	0	0	0	0	0	0	0	0	0
